Number of Students,s,Execution Times,,,,,,,,,,,Average Execution Times
1,1,0.003988504,0.003988266,0.002992153,0.003989697,0.003990173,0.003988504,0.003988981,0.005984306,0.002993822,0.003987074,0.003989148,0.003989148
2,1,0.005984545,0.005983353,0.003989458,0.006983519,0.004981041,0.002990484,0.003990173,0.00498724,0.002990961,0.00398922,0.004686999,0.004686999
3,2,0.004977703,0.003988981,0.004990339,0.003985643,0.004986763,0.006169081,0.006977797,0.004986525,0.008978605,0.004986525,0.005502796,0.005502796
4,2,0.002991676,0.005982161,0.005985975,0.003987074,0.005986691,0.004963875,0.004987478,0.005981684,0.004994869,0.003976583,0.004983807,0.004983807
5,3,0.005981684,0.003991604,0.006981373,0.005979061,0.003989697,0.004986763,0.006991386,0.003987312,0.004989147,0.005981684,0.005385971,0.005385971
6,3,0.004986763,0.004989147,0.005984068,0.003986359,0.004985809,0.005763054,0.00498867,0.003988743,0.005986691,0.004980803,0.005064011,0.005064011
7,3,0.00498724,0.005983829,0.004989386,0.00498414,0.006980896,0.005984306,0.005983829,0.006981611,0.004985809,0.006989479,0.005885053,0.005885053
8,3,0.004980803,0.004987001,0.006021023,0.004986048,0.004986763,0.006984711,0.005978346,0.003991842,0.006988049,0.004980326,0.005488491,0.005488491
9,4,0.006992817,0.003985643,0.002990484,0.006006002,0.004986763,0.004984856,0.006990433,0.004980087,0.003988981,0.007978439,0.005388451,0.005388451
10,4,0.004986525,0.003989935,0.007976532,0.003987312,0.004987717,0.006983042,0.004983902,0.003991365,0.006989479,0.005001545,0.005387735,0.005387735
11,5,0.006980896,0.003987074,0.006999493,0.004969358,0.003990412,0.008973598,0.004987955,0.005984545,0.005976915,0.004985094,0.005783534,0.005783534
12,5,0.008976698,0.004985332,0.004988432,0.007979393,0.003988981,0.007990122,0.004965305,0.004985332,0.007978678,0.004987478,0.006182575,0.006182575
13,5,0.005984068,0.007991076,0.004974365,0.008975267,0.004985571,0.005991459,0.00648427,0.003989935,0.007988453,0.00598526,0.006334972,0.006334972
14,6,0.006984472,0.004987001,0.00498724,0.008975267,0.005984545,0.007978201,0.005984783,0.00498414,0.00897646,0.005985975,0.006582808,0.006582808
15,6,0.008976221,0.005986214,0.007978916,0.006980419,0.006987333,0.008010387,0.005983114,0.00897646,0.006980419,0.00897789,0.007583737,0.007583737
16,6,0.061842918,0.008966208,0.013961792,0.010974407,0.006979465,0.00897646,0.006982088,0.007982969,0.005564928,0.004983425,0.013721466,0.013721466
17,6,0.007976532,0.005985498,0.007988214,0.004985571,0.004988909,0.009972334,0.006981611,0.008974552,0.005985737,0.007978439,0.00718174,0.00718174
18,7,0.006245375,0.005984783,0.005983591,0.005984545,0.006980181,0.006980181,0.006986141,0.007975817,0.005981922,0.008977652,0.006808019,0.006808019
19,7,0.005982399,0.007979393,0.005983353,0.006980181,0.006483078,0.005983829,0.007978678,0.005984545,0.008974791,0.006982327,0.006931257,0.006931257
20,7,0.006990671,0.006980658,0.007977486,0.00698328,0.005982876,0.007978916,0.006981134,0.006994724,0.006968021,0.006981134,0.00708189,0.00708189
21,8,0.006985426,0.006966591,0.005984068,0.006981611,0.005984306,0.007980824,0.005981922,0.006985188,0.006979227,0.005984783,0.006681395,0.006681395
22,8,0.006980896,0.005984545,0.005983114,0.007979393,0.005982161,0.008406401,0.00699234,0.009973526,0.005984545,0.007978201,0.007224512,0.007224512
23,9,0.006978035,0.006981611,0.00698185,0.006980181,0.007979155,0.005982637,0.006984472,0.006978273,0.005982876,0.008978367,0.007080746,0.007080746
24,9,0.004986048,0.007978916,0.005983829,0.00698185,0.00797677,0.006984472,0.007976294,0.005983829,0.008976698,0.006979227,0.007080793,0.007080793
25,9,0.008975983,0.006982803,0.008976221,0.005982637,0.008975744,0.006980896,0.008974552,0.00698328,0.007979631,0.006979942,0.007779169,0.007779169
26,10,0.00698185,0.009970903,0.005984068,0.008978367,0.006980896,0.008975506,0.00698185,0.008975744,0.00698185,0.008000135,0.007881117,0.007881117
27,10,0.007957458,0.008007765,0.007949352,0.007977247,0.007980585,0.006978989,0.007977247,0.006981611,0.008974314,0.006982565,0.007776713,0.007776713
28,10,0.00897646,0.006981134,0.007979393,0.006982327,0.009971142,0.006982803,0.008975983,0.00698185,0.008976936,0.007977962,0.008078599,0.008078599
29,11,0.006981134,0.007977009,0.006982803,0.007822275,0.006981373,0.008976698,0.007978678,0.041888952,0.018949747,0.015955925,0.013049459,0.013049459
30,11,0.009973288,0.009974957,0.008985996,0.006977797,0.008987188,0.007970095,0.00797677,0.007977962,0.007981777,0.009972811,0.008677864,0.008677864
31,11,0.009977341,0.007977724,0.009973288,0.007977962,0.007979393,0.00698185,0.009973526,0.006982088,0.008974552,0.006980658,0.008377838,0.008377838
32,11,0.008977652,0.007978439,0.007977247,0.006979942,0.008974075,0.00698328,0.009971142,0.006982327,0.009984016,0.00696826,0.008177638,0.008177638
33,12,0.008975267,0.007962704,0.008974552,0.008982182,0.008959532,0.009975672,0.007978678,0.008975506,0.006979465,0.009973764,0.008773732,0.008773732
34,12,0.007980585,0.00897646,0.007603168,0.008975744,0.00897789,0.00897336,0.008976221,0.007978916,0.009970665,0.007980585,0.008639359,0.008639359
35,13,0.010972261,0.009523153,0.008966684,0.009970427,0.007978678,0.010970354,0.007981539,0.009970665,0.008983135,0.008970499,0.00942874,0.00942874
36,13,0.009973288,0.008975744,0.008484602,0.007978678,0.009296417,0.007976532,0.00997448,0.008976698,0.008975029,0.008978367,0.008958983,0.008958983
37,13,0.007912397,0.00997448,0.007978439,0.008976221,0.007979393,0.010970831,0.008975506,0.009971619,0.008980513,0.00797987,0.008969927,0.008969927
38,14,0.009973526,0.010380507,0.009972572,0.009973526,0.007977724,0.010971069,0.008999109,0.008973837,0.010970831,0.007978678,0.009617138,0.009617138
39,14,0.009974718,0.007977962,0.008970976,0.009972095,0.010972261,0.009974003,0.008973837,0.009974241,0.010971546,0.009973049,0.009773469,0.009773469
40,14,0.010970354,0.010970116,0.008976221,0.008974552,0.00897646,0.0109694,0.009974718,0.008975029,0.009974003,0.007979631,0.009674048,0.009674048
41,15,0.008975983,0.011967182,0.0109694,0.009975195,0.008975029,0.009977579,0.010965109,0.009974957,0.008976221,0.010969162,0.010172582,0.010172582
42,15,0.010971546,0.009971857,0.010971546,0.0109725,0.009973049,0.009973049,0.009977102,0.00996995,0.009971142,0.009975195,0.010272694,0.010272694
43,16,0.00897646,0.012964487,0.053855181,0.020946503,0.010970592,0.011965275,0.01097393,0.009959698,0.01096797,0.008976221,0.016055632,0.016055632
44,16,0.009973288,0.011967897,0.008976221,0.009974718,0.008977652,0.009974003,0.010970354,0.008976698,0.010970354,0.009972334,0.010073352,0.010073352
45,16,0.00897646,0.010970831,0.008975029,0.010972023,0.009970665,0.009973526,0.010981321,0.010962009,0.008975506,0.010519028,0.01012764,0.01012764
46,17,0.009971857,0.010976791,0.010927916,0.010969877,0.00997591,0.010968924,0.010970592,0.00997138,0.010971069,0.010971546,0.010667586,0.010667586
47,17,0.00997138,0.011970282,0.010968447,0.008978128,0.009974003,0.010985136,0.009997129,0.011968136,0.010971308,0.008975983,0.010475993,0.010475993
48,17,0.010975838,0.01196146,0.010396957,0.010029554,0.010975838,0.010647774,0.010970354,0.009973049,0.01096797,0.010968924,0.010786772,0.010786772
49,17,0.010970831,0.00996542,0.011968613,0.01098299,0.009960651,0.010970116,0.010972738,0.010970116,0.010967731,0.010974646,0.010870385,0.010870385
50,18,0.010985613,0.010954142,0.011967421,0.010973692,0.009973764,0.011967659,0.011966467,0.010971069,0.01197052,0.012671471,0.011440182,0.011440182
51,18,0.011977434,0.010961056,0.011969566,0.011982203,0.009972811,0.0109725,0.010970831,0.009972095,0.011481047,0.011967421,0.011222696,0.011222696
52,19,0.011967897,0.012966633,0.011967421,0.011968374,0.012965679,0.011968374,0.010970592,0.011967182,0.010968208,0.011970997,0.011968136,0.011968136
53,19,0.009973764,0.011965513,0.054368258,0.016955137,0.015957832,0.014214754,0.01196599,0.010970116,0.011965036,0.0109694,0.01693058,0.01693058
54,19,0.011970043,0.011968851,0.011967182,0.011966467,0.011968136,0.010969162,0.0109725,0.011967659,0.010969162,0.010971546,0.011569071,0.011569071
55,19,0.011967182,0.011967182,0.011962414,0.011967659,0.011967421,0.012973547,0.010970354,0.010968924,0.012968063,0.011969566,0.011968231,0.011968231
56,20,0.012964487,0.012964964,0.01196909,0.011968613,0.010970354,0.012965679,0.011971712,0.012961864,0.014960766,0.013961792,0.012765932,0.012765932
57,20,0.012965918,0.011968851,0.011926889,0.011966944,0.012964487,0.012978554,0.011954784,0.012965202,0.01196599,0.011973381,0.0123631,0.0123631
58,21,0.012965202,0.01196599,0.011955976,0.012965679,0.011968613,0.011985302,0.010972023,0.011968613,0.012963772,0.012965918,0.012267709,0.012267709
59,21,0.01196909,0.011966944,0.011985779,0.012947559,0.011967421,0.012962818,0.011968374,0.012966156,0.013961077,0.011532307,0.012422752,0.012422752
60,21,0.013962746,0.012964725,0.012966633,0.012963533,0.015063286,0.013969421,0.012966394,0.013962746,0.013963461,0.011965036,0.013474798,0.013474798
61,21,0.012965202,0.013962269,0.012966156,0.012964725,0.012963533,0.011966467,0.011969566,0.01196456,0.013963938,0.012966394,0.012865281,0.012865281
62,22,0.01296711,0.01295352,0.013964891,0.013962507,0.013961792,0.013962269,0.012971878,0.012498856,0.012966394,0.05385685,0.017406607,0.017406607
63,22,0.021936893,0.015000582,0.013971329,0.010970354,0.013962984,0.012965679,0.012966633,0.013965845,0.01210022,0.011969566,0.013981009,0.013981009
64,23,0.014069796,0.012963057,0.013962746,0.011971712,0.012927294,0.013961554,0.013964415,0.012964725,0.012968779,0.012961864,0.013271594,0.013271594
65,23,0.012962341,0.013963223,0.013961554,0.013963223,0.013970852,0.012956858,0.013962746,0.012966156,0.012964964,0.01296401,0.013463593,0.013463593
66,24,0.012959957,0.013963223,0.013963699,0.012965679,0.01396203,0.014030218,0.012960672,0.012965441,0.012965918,0.013962269,0.013469911,0.013469911
67,24,0.013962269,0.012964725,0.012965202,0.012963772,0.013961554,0.012966871,0.012965918,0.013963699,0.011960506,0.012965441,0.013163996,0.013163996
68,24,0.013962984,0.013963223,0.013963223,0.012964487,0.013957739,0.013960838,0.01495862,0.013964891,0.013961792,0.013962746,0.013962054,0.013962054
69,25,0.013967991,0.01295042,0.014962196,0.01595664,0.014959097,0.012965441,0.014961481,0.013962746,0.012936831,0.012953758,0.01405766,0.01405766
70,25,0.012967348,0.012964487,0.012966633,0.01297307,0.012950897,0.013961077,0.012966871,0.013963461,0.013960123,0.012966633,0.01326406,0.01326406
71,25,0.014953375,0.01495719,0.014961243,0.013963223,0.01453948,0.014960527,0.014960051,0.012969255,0.013953209,0.014960766,0.014517832,0.014517832
72,25,0.013997793,0.014930248,0.014958382,0.013962746,0.013962507,0.014961481,0.013963699,0.014959812,0.012838364,0.014960051,0.014349508,0.014349508
73,26,0.015959501,0.014957905,0.014960051,0.013963938,0.01495862,0.015960455,0.013960361,0.012910843,0.014960289,0.012965918,0.014555788,0.014555788
74,26,0.053855658,0.025931597,0.01595521,0.014960289,0.015957117,0.014958143,0.01496172,0.013965368,0.01495409,0.014960051,0.020045924,0.020045924
75,26,0.014541626,0.014960289,0.013962269,0.013916492,0.014959812,0.016954899,0.015958309,0.01396203,0.012964964,0.014959574,0.014714026,0.014714026
76,27,0.014961004,0.014959097,0.01495862,0.014961004,0.015957832,0.01695323,0.01595974,0.01595664,0.015958548,0.016954184,0.01575799,0.01575799
77,27,0.016954899,0.016955853,0.015957832,0.015958548,0.014960289,0.015957832,0.015957594,0.01595664,0.014965773,0.015958548,0.015958381,0.015958381
78,28,0.015933037,0.014959812,0.014960527,0.014960051,0.014960051,0.014960051,0.015957355,0.014959812,0.016955376,0.014961004,0.015356708,0.015356708
79,28,0.015957594,0.015958309,0.016954899,0.015957594,0.015958071,0.015955925,0.015473843,0.014959335,0.014992237,0.012931347,0.015509915,0.015509915
80,28,0.015957594,0.014959574,0.015957832,0.013962269,0.014978409,0.014941931,0.014960766,0.014960766,0.017954111,0.01598835,0.01546216,0.01546216
81,29,0.015958548,0.017585039,0.016954422,0.015958786,0.01595664,0.016954899,0.015956879,0.01619792,0.057847738,0.024933577,0.021430445,0.021430445
82,29,0.016955614,0.015958071,0.014960051,0.015958071,0.016954899,0.014962435,0.015573978,0.015958548,0.014961958,0.015964508,0.015820813,0.015820813
83,30,0.015954256,0.016957045,0.015954971,0.015956879,0.01595664,0.015962601,0.016954422,0.016956329,0.017950296,0.016952753,0.016555619,0.016555619
84,30,0.016956806,0.016955137,0.015954733,0.016957045,0.015954971,0.014933348,0.014960289,0.016956806,0.017951965,0.016952038,0.016453314,0.016453314
85,30,0.015958786,0.015958071,0.016954422,0.015954018,0.016955614,0.015958548,0.016960621,0.016949177,0.015956879,0.013961077,0.016156721,0.016156721
86,30,0.015958309,0.01595664,0.015957832,0.015954971,0.015955448,0.015956879,0.015956879,0.015958071,0.015961409,0.015959978,0.015957642,0.015957642
87,30,0.016954422,0.016954184,0.015933275,0.017949581,0.018950224,0.016955376,0.015958309,0.015957355,0.016955376,0.015958071,0.016852617,0.016852617
88,31,0.017951488,0.015998602,0.016953945,0.016955376,0.018023252,0.016947508,0.01595664,0.016462803,0.015957355,0.015958786,0.016716576,0.016716576
89,31,0.015955925,0.014961243,0.015957594,0.014959335,0.015957117,0.015958548,0.015956402,0.017952681,0.019947052,0.01685977,0.016446567,0.016446567
90,31,0.017953873,0.017916918,0.017953157,0.017948866,0.015960455,0.016952038,0.05684638,0.02497673,0.018949747,0.016951561,0.022240973,0.022240973
91,31,0.015957594,0.015956879,0.015959263,0.017536879,0.017952919,0.017949343,0.017959833,0.017944098,0.016956806,0.016462564,0.017063618,0.017063618
92,32,0.016955137,0.015957594,0.015956879,0.016952991,0.017953634,0.01695323,0.015958786,0.015958071,0.015956402,0.01695323,0.016555595,0.016555595
93,32,0.018951178,0.017953396,0.015958071,0.01695323,0.016955853,0.015954733,0.014958143,0.015956163,0.015957117,0.016956329,0.016655421,0.016655421
94,32,0.016953468,0.017952442,0.016954422,0.016957045,0.017948389,0.01695466,0.017957449,0.017952204,0.017952204,0.017949581,0.017553186,0.017553186
95,33,0.017953157,0.017952442,0.016954422,0.016958475,0.01894784,0.018946409,0.01795435,0.018947363,0.017951727,0.01695323,0.017951941,0.017951941
96,33,0.019952297,0.017945528,0.016993761,0.016958237,0.016952753,0.016956091,0.017951727,0.015958309,0.016954422,0.016956568,0.017357969,0.017357969
97,33,0.016952515,0.01695323,0.017953396,0.016955614,0.016736746,0.015955687,0.01695323,0.017953634,0.01695323,0.016943455,0.017031074,0.017031074
98,34,0.019949198,0.017950058,0.017952919,0.017951965,0.017954826,0.016956091,0.016955853,0.017952442,0.01695466,0.01595664,0.017653465,0.017653465
99,34,0.01595521,0.017960072,0.016954184,0.016956091,0.017921686,0.017951965,0.017951488,0.017950058,0.017952681,0.01795125,0.017550468,0.017550468
100,34,0.015957594,0.018949509,0.01894784,0.019949198,0.020942688,0.018949747,0.018949509,0.01894927,0.017952681,0.018953323,0.018850136,0.018850136
100,34,0.017948389,0.017953157,0.017936468,0.017929316,0.01894784,0.020941257,0.019944668,0.018947124,0.01795435,0.018948793,0.018745136,0.018745136
110,37,0.019950628,0.019946337,0.019946814,0.018949986,0.019944668,0.020945787,0.018947363,0.018947601,0.018948555,0.019945145,0.019647288,0.019647288
120,41,0.020942688,0.019946814,0.019947052,0.022520781,0.021942377,0.020945549,0.020942926,0.019949436,0.019918203,0.01994586,0.020700169,0.020700169
130,45,0.021942139,0.022938251,0.020943403,0.020944834,0.02094388,0.021940947,0.02293992,0.021943808,0.022936821,0.021941423,0.021941543,0.021941543
140,48,0.02389884,0.023938656,0.024934769,0.024935246,0.023933172,0.0249331,0.024928093,0.023932457,0.021907806,0.022937298,0.024027944,0.024027944
150,51,0.024941921,0.02492547,0.025930882,0.024933815,0.024932623,0.025931835,0.025931597,0.025905132,0.026986361,0.026910067,0.02573297,0.02573297
160,54,0.02692771,0.026928425,0.026454926,0.028924942,0.025931835,0.024933577,0.023936033,0.024934769,0.024934292,0.024932623,0.025883913,0.025883913
170,58,0.02990818,0.030917645,0.029921293,0.028923273,0.025927544,0.024935961,0.025930166,0.027926445,0.02992177,0.030918837,0.028523111,0.028523111
180,61,0.029920101,0.030915976,0.028922081,0.029920816,0.030917168,0.028922081,0.026941061,0.027924299,0.027925491,0.026928902,0.028923798,0.028923798
190,65,0.031915903,0.029923439,0.028922319,0.028918982,0.029919863,0.028923035,0.028921366,0.032873392,0.028895617,0.027925968,0.029713988,0.029713988
200,68,0.033912182,0.073764801,0.042884588,0.031502724,0.031917572,0.034907341,0.034955502,0.030936956,0.029919624,0.032488346,0.037718964,0.037718964
210,71,0.03091073,0.030915976,0.031913042,0.032917976,0.035904646,0.042397261,0.036902666,0.035902262,0.035452366,0.03291297,0.034612989,0.034612989
220,75,0.03695631,0.038893938,0.036874294,0.03391099,0.032887459,0.034874916,0.032909632,0.034912825,0.034896851,0.034906387,0.03520236,0.03520236
230,79,0.035943985,0.03690052,0.036867142,0.03746295,0.037899971,0.037856579,0.038897514,0.037900209,0.033884525,0.033898592,0.036751199,0.036751199
240,81,0.035903454,0.036901951,0.037899494,0.035903692,0.032994986,0.035901546,0.038896322,0.03789711,0.034904718,0.035902977,0.036310625,0.036310625
250,84,0.039865255,0.040890217,0.03590703,0.036906958,0.0378685,0.037874699,0.037380934,0.038892746,0.036874533,0.038893938,0.038135481,0.038135481
260,87,0.038894415,0.036902666,0.040923357,0.039868355,0.03690052,0.03889513,0.037897825,0.037872076,0.041888237,0.040888786,0.039093137,0.039093137
270,91,0.041886091,0.040889263,0.048923492,0.044881105,0.04088974,0.046868563,0.042886257,0.044879675,0.050573587,0.04638958,0.044906735,0.044906735
280,94,0.047026873,0.045841932,0.04388237,0.083775043,0.054853201,0.044878721,0.045879602,0.043396711,0.046873808,0.044362068,0.050077033,0.050077033
290,98,0.045398712,0.045876265,0.047873974,0.046872854,0.04388237,0.045877695,0.044879198,0.046841145,0.041880131,0.046875238,0.045625758,0.045625758
300,100,0.044703722,0.045879602,0.046875,0.043883085,0.044879198,0.048843384,0.04886961,0.046887875,0.046872139,0.049829483,0.04675231,0.04675231
310,105,0.044879913,0.049865961,0.048845768,0.049867153,0.051861286,0.044880152,0.043883324,0.043877125,0.045875549,0.044880152,0.046871638,0.046871638
320,108,0.043883085,0.04487896,0.046874762,0.049867153,0.047872305,0.048986673,0.049864769,0.049833298,0.045909643,0.045919895,0.047389054,0.047389054
330,111,0.048839569,0.054853678,0.050840139,0.050865412,0.050982952,0.049838781,0.052889585,0.053833961,0.052856922,0.053852558,0.051965356,0.051965356
340,115,0.051862478,0.054909229,0.052858114,0.048871756,0.05585146,0.060834885,0.055850267,0.055850744,0.05784297,0.097249746,0.059198165,0.059198165
350,118,0.05585146,0.060809851,0.051861048,0.054853439,0.051861286,0.052595377,0.05385685,0.055437803,0.060836792,0.056856871,0.055482078,0.055482078
360,122,0.058842182,0.055850744,0.056302071,0.059834957,0.058841705,0.054852962,0.049918175,0.053857803,0.053855896,0.051861048,0.055401754,0.055401754
370,126,0.056845188,0.060322046,0.053820372,0.053825617,0.057817221,0.054856777,0.056820631,0.058354855,0.055825949,0.05781126,0.056629992,0.056629992
380,129,0.057820797,0.055826426,0.056849957,0.057844639,0.058843374,0.055826664,0.059812784,0.053853989,0.052835464,0.055851221,0.056536531,0.056536531
390,132,0.056822062,0.058286428,0.054851532,0.05642271,0.061834574,0.061799049,0.059875727,0.056819677,0.063828945,0.060838699,0.05913794,0.05913794
400,135,0.058845043,0.059815884,0.062806129,0.055822372,0.058845282,0.059841871,0.059813738,0.063868999,0.059811592,0.058844805,0.059831572,0.059831572
410,139,0.064827919,0.057846069,0.057846785,0.056820393,0.062833071,0.058843374,0.06181097,0.059841156,0.058812857,0.0608356,0.060031819,0.060031819
420,141,0.069815159,0.061832905,0.063799858,0.058817863,0.05884409,0.064893246,0.065788507,0.060811281,0.061809778,0.062796593,0.062920928,0.062920928
430,144,0.065824747,0.063976526,0.061806202,0.060075998,0.065139532,0.070783854,0.061806917,0.065896273,0.063829899,0.059839487,0.063897943,0.063897943
440,148,0.069398403,0.071000814,0.068792105,0.06582284,0.067817688,0.072804213,0.065825701,0.07277298,0.071807623,0.065824032,0.06918664,0.06918664
450,151,0.07380271,0.067956209,0.070812702,0.07280612,0.069811583,0.070809126,0.07081008,0.069809198,0.070809841,0.07339859,0.071082616,0.071082616
460,154,0.075795889,0.073802948,0.083418608,0.076795578,0.070811987,0.074097157,0.073802233,0.078785419,0.070742607,0.068816662,0.074686909,0.074686909
470,157,0.081457376,0.078794718,0.069778442,0.072808981,0.067819595,0.075801611,0.075798273,0.117838144,0.073768616,0.072806597,0.078667235,0.078667235
480,160,0.075797796,0.074390888,0.069813728,0.068397522,0.072859526,0.075798988,0.074772596,0.072804689,0.073877811,0.074798584,0.073331213,0.073331213
490,164,0.087249041,0.076797247,0.075794935,0.075798512,0.082778215,0.080780506,0.078930378,0.075796843,0.068816423,0.07380414,0.077654624,0.077654624
500,168,0.079788208,0.07380271,0.0688169,0.074801683,0.078791142,0.079787493,0.075390339,0.072806835,0.078790665,0.083776236,0.076655221,0.076655221
510,171,0.087764978,0.078788757,0.075853586,0.079354525,0.079377651,0.071808815,0.082288265,0.085769892,0.084773779,0.083856344,0.080963659,0.080963659
520,174,0.080752134,0.074361563,0.082220793,0.082013845,0.08128953,0.141136169,0.083775759,0.083775759,0.078310013,0.080783367,0.086841893,0.086841893
530,177,0.081568718,0.077310562,0.074502945,0.080262423,0.083012342,0.074798346,0.097739458,0.08788991,0.0827775,0.09175396,0.083161616,0.083161616
540,180,0.098253489,0.100730181,0.094747543,0.111700773,0.094744205,0.092753649,0.087729692,0.089759827,0.075795889,0.081781387,0.092799664,0.092799664
550,183,0.086767912,0.087765932,0.077792168,0.083777428,0.082780123,0.087735176,0.080866337,0.081782103,0.077083111,0.084743023,0.083109331,0.083109331
560,187,0.078835726,0.088734627,0.082820415,0.080784082,0.084367752,0.07979393,0.087765217,0.091755152,0.08976078,0.081781864,0.084639955,0.084639955
570,190,0.082927942,0.079786777,0.08676815,0.087766409,0.088763237,0.073803425,0.086767912,0.085769892,0.081249714,0.085358143,0.08389616,0.08389616
580,194,0.108711243,0.099731684,0.097738266,0.106162071,0.098317385,0.093259811,0.093749285,0.100728512,0.093832254,0.100727558,0.099295807,0.099295807
590,197,0.108217478,0.107712746,0.109704733,0.104720116,0.103724718,0.1047225,0.109679461,0.098737478,0.11369729,0.109721422,0.107063794,0.107063794
600,200,0.139636993,0.105223894,0.118194103,0.102722645,0.111701012,0.184506178,0.112159967,0.11170125,0.106716394,0.113696814,0.120625925,0.120625925
610,204,0.106862545,0.106225729,0.116777897,0.103116512,0.110926151,0.104727507,0.102942467,0.103416204,0.094738007,0.098735809,0.104846883,0.104846883
620,207,0.091755152,0.089759827,0.089800119,0.090849161,0.089751244,0.086804152,0.090758801,0.092751026,0.087306976,0.086811066,0.089634752,0.089634752
630,211,0.092751026,0.09674263,0.094748259,0.092578411,0.093750477,0.091754913,0.098736286,0.094295979,0.095809698,0.093340635,0.094450831,0.094450831
640,214,0.102914572,0.14059782,0.146606922,0.206934452,0.142617941,0.141618252,0.107714891,0.10667634,0.132012367,0.125668764,0.135336232,0.135336232
650,217,0.118683338,0.121656656,0.117685556,0.114933252,0.144126892,0.127771616,0.135638237,0.138144493,0.121676207,0.130653143,0.127096939,0.127096939
660,222,0.112243652,0.123360634,0.111701727,0.11469388,0.113737583,0.112263203,0.122184515,0.118684292,0.18849349,0.123719931,0.124108291,0.124108291
670,226,0.125255108,0.127142668,0.129611015,0.125631571,0.127634048,0.140622377,0.205450296,0.127659082,0.116202593,0.463935137,0.16891439,0.16891439
680,229,0.12267518,0.19447732,0.124635696,0.119676113,0.12167263,0.1132586,0.125238657,0.138654232,0.115692854,0.113081455,0.128906274,0.128906274
690,231,0.12562871,0.126663446,0.126488209,0.129693508,0.148120642,0.123668909,0.122668266,0.113816977,0.127624512,0.251138687,0.139551187,0.139551187
700,234,0.148602962,0.157578468,0.149593353,0.144613028,0.47365427,0.293397188,0.154586792,0.163558006,0.14487195,0.127167463,0.195762348,0.195762348
710,238,0.131197453,0.131726503,0.138000488,0.130636215,0.129669189,0.122671366,0.135160446,0.135153294,0.132611752,0.127659082,0.131448579,0.131448579
720,241,0.136633396,0.13962388,0.135647535,0.126636267,0.140619993,0.133642197,0.140623331,0.148187399,0.140668154,0.147972345,0.13902545,0.13902545
730,244,0.129874945,0.138631821,0.124669313,0.13061285,0.145610332,0.121642351,0.133247375,0.132682323,0.129653215,0.12866354,0.131528807,0.131528807
740,248,0.124665737,0.130651236,0.13962841,0.139665604,0.137711048,0.154103756,0.122404814,0.142648697,0.138627291,0.150556087,0.138066268,0.138066268
750,252,0.147199392,0.136101723,0.154064178,0.299716234,0.296206474,0.240846634,0.143614531,0.136124611,0.133113861,0.126172543,0.181316018,0.181316018
760,255,0.124667883,0.137677908,0.147600889,0.135611773,0.124662876,0.110704899,0.120677948,0.130583048,0.130629063,0.148605585,0.131142187,0.131142187
770,258,0.292267323,0.219416857,0.171542883,0.170781136,0.298761845,0.372489452,0.354057074,0.156582355,0.151107073,0.140625477,0.232763147,0.232763147
780,261,0.298214674,0.17778635,0.154144049,0.135103226,0.163685083,0.139622211,0.138036489,0.136143208,0.15062356,0.147615433,0.164097428,0.164097428
790,264,0.163525343,0.161119699,0.153588772,0.152601242,0.148113012,0.142619371,0.306182146,0.301194429,0.148606777,0.13760829,0.181515908,0.181515908
800,268,0.128657818,0.137596846,0.142900229,0.148576498,0.144614458,0.13568449,0.136066914,0.130651236,0.135629892,0.143618584,0.138399696,0.138399696
810,270,0.172945261,0.15358901,0.144608974,0.137634516,0.142368317,0.133733273,0.135140657,0.133009195,0.141611099,0.129924059,0.142456436,0.142456436
820,273,0.145610571,0.134640694,0.129174709,0.14262104,0.137615681,0.122130394,0.137633085,0.136776447,0.135638952,0.134641171,0.135648274,0.135648274
830,277,0.133644342,0.130650759,0.13561368,0.135643244,0.142696142,0.127660275,0.137648582,0.139799356,0.139238596,0.12863183,0.135122681,0.135122681
840,280,0.125638962,0.133781672,0.142232418,0.133639812,0.151591778,0.131690502,0.134756565,0.132349253,0.122232199,0.125665188,0.133357835,0.133357835
850,283,0.132612467,0.128658533,0.140598297,0.129653692,0.131647348,0.127869368,0.131649971,0.118683577,0.136231899,0.127140522,0.130474567,0.130474567
860,287,0.132643223,0.146664381,0.12367034,0.130779743,0.148593903,0.144615173,0.137160063,0.134603977,0.121674061,0.129650116,0.135005498,0.135005498
870,291,0.156582594,0.132153749,0.139682055,0.138628244,0.130651712,0.140305519,0.140053511,0.139625549,0.135636568,0.133644581,0.138696408,0.138696408
880,294,0.141623497,0.138660669,0.136687756,0.141111374,0.153588295,0.143782139,0.134142876,0.128656626,0.145903349,0.140624285,0.140478086,0.140478087
890,298,0.133150578,0.136634111,0.142517805,0.132119894,0.133695364,0.144691229,0.143617392,0.146128654,0.142595768,0.136633873,0.139178467,0.139178467
900,301,0.149599075,0.145493984,0.134619951,0.142234564,0.150749683,0.13312006,0.144179583,0.184504747,0.141592503,0.14059782,0.146669197,0.146669197
910,304,0.141230822,0.134639978,0.143617392,0.133152246,0.138206959,0.138631344,0.146610737,0.152591944,0.144612312,0.133889675,0.140718341,0.140718341
920,307,0.141129494,0.142129898,0.158017635,0.156554222,0.142810345,0.1426332,0.140206099,0.149765253,0.155121803,0.144614458,0.147298241,0.147298241
930,310,0.170500994,0.156152725,0.147605419,0.154666662,0.165142775,0.155601263,0.16456008,0.17250371,0.378971815,0.302767992,0.196847343,0.196847343
940,313,0.546055555,0.211015463,0.189493179,0.185654163,0.181521177,0.249634981,0.190175772,0.203549385,0.192000389,0.180516243,0.232961631,0.232961631
950,316,0.229192257,0.190487862,0.172564983,0.166607857,0.166517496,0.170978546,0.197080851,0.200558424,0.186509132,0.173537493,0.18540349,0.18540349
960,318,0.199987411,0.303309202,0.424877644,0.195402145,0.171540499,0.16355896,0.173248529,0.174493551,0.183656454,0.179554462,0.216962886,0.216962886
970,323,0.160570621,0.168513298,0.15591073,0.16258049,0.175530672,0.172533751,0.169545412,0.166555643,0.18002677,0.194521189,0.170628858,0.170628858
980,325,0.191488028,0.193484306,0.189493179,0.209411383,0.205456734,0.403854847,0.261060238,0.295049429,0.226285219,0.213456631,0.238903999,0.238903999
990,329,0.193099022,0.461984634,0.233174562,0.183826923,0.199069738,0.181474924,0.167098045,0.177039862,0.179009438,0.210402012,0.218617916,0.218617916
1000,332,0.190534115,0.1825068,0.179542303,0.180569649,0.176523447,0.18259716,0.191500425,0.171538353,0.174536705,0.176570415,0.180641937,0.180641937
1000,332,0.170542479,0.180583,0.183932066,0.203449965,0.175532579,0.191486597,0.17650342,0.172536612,0.176526785,0.174622059,0.180571556,0.180571556
1100,366,0.197465897,0.200483322,0.213858604,0.199468613,0.201445103,0.225475788,0.18749094,0.208442211,0.183498383,0.20146203,0.201909089,0.201909089
1200,402,0.172538519,0.19547987,0.182513475,0.17760396,0.204273462,0.196476698,0.192485094,0.172538042,0.201604366,0.199470758,0.189498425,0.189498424
1300,435,0.209968805,0.192486763,0.203419685,0.200465202,0.2483356,0.179663181,0.195478678,0.177387476,0.198469877,0.204097509,0.200977278,0.200977278
1400,467,0.222372055,0.201462984,0.196187019,0.226394415,0.197683334,0.200363159,0.236369371,0.203454733,0.20644331,0.204452515,0.20951829,0.20951829
1500,499,0.24196434,0.20199585,0.210018873,0.209902763,0.239031553,0.224018335,0.222092867,0.21592927,0.224878311,0.202103138,0.21919353,0.21919353
1600,533,0.256269455,0.25406003,0.233794451,0.244346142,0.217418909,0.22157073,0.229388714,0.217420816,0.233388662,0.228381395,0.23360393,0.23360393
1700,566,0.268417597,0.234879255,0.25940609,0.25288558,0.263293505,0.227396727,0.256261826,0.231346607,0.25144577,0.234413862,0.247974682,0.247974682
1800,595,0.283512115,0.283951044,0.28107214,0.243000031,0.266289234,0.27726078,0.246342421,0.238361835,0.250330687,0.274266243,0.264438653,0.264438653
1900,628,0.274302244,0.288229227,0.280248642,0.250328302,0.257311821,0.264919996,0.262725115,0.259015799,0.268239975,0.255011797,0.266033292,0.266033292
2000,662,0.264258623,0.295967579,0.26617837,0.280048847,0.271269321,0.263456583,0.301799774,0.291734457,0.267285109,0.298700809,0.280069947,0.280069947
2100,695,0.303481579,0.278255939,0.279227018,0.314161301,0.270367146,0.287643194,0.305173159,0.28224659,0.278139353,0.340473175,0.293916845,0.293916845
2200,727,0.306881189,0.316987038,0.320195675,0.33070159,0.294214487,0.298165798,0.31017065,0.317153215,0.323134422,0.309134722,0.312673879,0.312673879
2300,760,0.331728697,0.311401367,0.29486084,0.329121113,0.334108114,0.297169447,0.328850031,0.300292253,0.332277775,0.327090263,0.31868999,0.31868999
2400,795,0.320156097,0.332114935,0.39494729,0.3659935,0.349068165,0.327207088,0.354822874,0.350063801,0.351028204,0.337258816,0.348266077,0.348266077
2500,828,0.339092493,0.419979095,0.386152267,0.33310914,0.340051651,0.338522434,0.365029812,0.377027512,0.368609667,0.373753071,0.364132714,0.364132714
2600,861,0.334943533,0.362645388,0.363031864,0.346075058,0.376951933,0.339082718,0.379042149,0.359555006,0.355048895,0.371008158,0.35873847,0.35873847
2700,892,0.347214222,0.387083054,0.382947445,0.359036922,0.377962112,0.573472261,0.420444965,0.397680521,0.376804113,0.38290453,0.400555015,0.400555015
2800,925,0.437802553,0.42088294,0.444811344,0.439983606,0.43218708,0.479155779,0.436575174,0.434427261,0.412860155,0.40478611,0.4343472,0.4343472
2900,957,0.435832977,0.38095212,0.426860094,0.383122921,0.408521175,0.411401749,0.429006577,0.4234972,0.385938883,0.401993752,0.408712745,0.408712745
3000,991,0.439593077,0.437793255,0.452741146,0.44203186,0.433792353,0.411048889,0.446935654,0.424871922,0.519627333,0.440785646,0.444922113,0.444922113
3100,1025,0.427855968,0.412897348,0.473731995,0.478628159,0.463273048,0.450538397,0.435097456,0.437829256,0.453665257,0.456791878,0.449030876,0.449030876
3200,1056,0.420930147,0.478569508,0.479931355,0.484163523,0.489998817,0.451353788,0.460766554,0.451855183,0.430353165,0.462732553,0.461065459,0.461065459
3300,1091,0.460540771,0.519812584,0.48905015,0.467646837,0.46344161,0.499811411,0.465330362,0.4591856,0.466950655,0.48973608,0.478150606,0.478150606
3400,1122,0.49276948,0.502619982,0.495642662,0.508062601,0.487986803,0.515265226,0.494015694,0.480313301,0.467425823,0.504936934,0.494903851,0.494903851
3500,1158,0.522710323,0.47223568,0.52391386,0.516414881,0.495735645,0.50191617,0.481650114,0.492065907,0.494496346,0.497361183,0.499850011,0.499850011
3600,1191,0.671170235,0.886605024,0.614357233,0.655776262,0.572471142,0.60238862,0.650773525,0.679844141,0.917099714,0.651819229,0.690230513,0.690230513
3700,1226,0.574466467,0.604498863,0.568480015,0.565957308,0.560014963,0.59689045,0.534749508,0.830404043,0.692699432,0.775827885,0.630398893,0.630398893
3800,1257,0.560790777,0.542636633,0.578917503,0.594513893,0.55317378,0.596630573,0.578378677,0.548190117,0.567982197,0.582443237,0.570365739,0.570365739
3900,1289,0.581012726,0.586764097,0.583440781,0.600575447,0.563576221,0.544418097,0.716971874,0.722607851,0.599279165,0.542865276,0.604151154,0.604151154
4000,1321,0.805837154,0.559841633,0.564491749,0.569387674,0.598066092,0.569455624,0.572088718,0.603386402,0.621306658,0.570473194,0.60343349,0.60343349
4100,1354,0.80380249,0.704828501,0.700073242,0.750603199,0.780670166,0.776920557,0.713317871,0.719153166,0.766707659,0.752624273,0.746870112,0.746870112
4200,1388,0.613326073,0.63628912,0.679191113,0.6346066,0.667546272,0.609662771,0.609843254,0.609030485,0.59263134,0.60097909,0.625310612,0.625310612
4300,1419,0.602908373,0.628092527,0.591418743,0.688197613,0.660482645,0.649999619,0.64301753,0.63329649,0.637063026,0.600436926,0.633491349,0.633491349
4400,1452,0.601493835,0.62739563,0.609690428,0.610625029,0.621406078,0.643662453,0.621340752,0.600960255,0.620339632,0.647012949,0.620392704,0.620392704
4500,1486,0.64922905,0.695527077,0.65720582,0.614320993,0.621802807,0.6263237,0.614377975,0.62258482,0.60834074,0.611328363,0.632104135,0.632104135
4600,1519,0.614515066,0.678091049,0.690171242,0.667215586,0.608317852,0.671442509,0.653267622,0.70039773,0.598013401,0.703079224,0.658451128,0.658451128
4700,1553,0.764815092,0.714090586,0.661231518,0.650087595,0.669002771,0.714105368,0.694960594,0.684024572,0.677011967,0.683346987,0.691267705,0.691267705
4800,1588,0.727718592,0.762608767,0.75083971,0.738607407,0.741878033,0.703988075,0.71774888,0.809519053,1.206235647,0.829083443,0.798822761,0.798822761
4900,1620,0.723635912,0.712788105,0.727654457,0.735714197,0.89292407,0.823021173,0.72071743,1.033399343,1.026255131,0.828391314,0.822450113,0.822450113
5000,1651,0.782902718,0.739562511,0.701872826,0.707430124,0.788891315,0.788737059,0.798016071,0.688487768,0.788118124,1.039711475,0.782372999,0.782372999
5100,1685,0.759728193,0.746052027,0.7419312,0.756015778,0.719826221,0.74347806,0.738899469,0.691820383,0.715945005,0.731997252,0.734569359,0.734569359
5200,1718,0.753932953,0.77372098,0.753415585,0.773492813,0.761771202,0.744846344,0.757895231,0.73203516,0.773531914,0.722643375,0.754728556,0.754728556
5300,1755,0.885737419,1.267365694,0.908820391,1.227236748,1.139874697,1.293892384,0.965280533,0.881082535,0.804225683,0.802351713,1.01758678,1.01758678
5400,1784,0.816000223,0.750077486,0.831265688,0.754763126,0.771528244,0.847699165,0.784949541,0.788378239,0.861560583,0.762259245,0.796848154,0.796848154
5500,1817,1.176770449,1.288620472,1.132932663,1.006845236,0.967263937,0.97040391,0.965261221,0.974520683,1.01894331,1.152875185,1.065443707,1.065443707
5600,1848,0.87699461,0.868872166,0.832215071,0.829046011,0.918117523,0.829258204,0.844705582,0.803051472,0.827650785,0.861476421,0.849138784,0.849138784
5700,1885,0.85675025,0.805079699,0.848179817,0.868221521,1.013302088,1.009374142,0.851989508,0.863039017,0.802937031,0.840443134,0.875931621,0.875931621
5800,1915,0.846840858,0.837197781,0.962157726,0.860682487,0.856863737,0.813879251,0.885974169,0.886992931,0.894132614,0.835811615,0.868053317,0.868053317
5900,1946,0.817819834,0.821800947,0.845145226,0.846063375,0.890442848,0.875440121,0.883247614,0.835370064,0.84325552,0.895513296,0.855409884,0.855409884
6000,1979,0.886127949,0.854966402,0.976942301,0.855860233,0.9289639,0.928886414,0.889587402,0.862658739,1.043937206,0.853963852,0.90818944,0.90818944
6100,2013,0.907341242,0.92029953,0.88054347,0.918250322,0.873111725,0.850696325,0.861391783,0.907388449,0.846289873,0.912695408,0.887800813,0.887800813
6200,2048,0.876936674,0.931196928,0.927086353,0.930024624,0.945580721,0.918298006,0.913872242,0.969990015,0.917952061,0.888101816,0.921903944,0.921903944
6300,2081,0.864632607,0.892832041,0.864048243,1.02934742,1.000500679,0.91954565,0.879602671,0.881453276,0.884987831,0.93804121,0.915499163,0.915499163
6400,2114,0.899574518,0.914315462,0.956447601,0.887793303,0.958230972,0.867697954,0.887096167,0.876124859,0.893036127,0.874460936,0.90147779,0.90147779
6500,2145,0.92909646,0.978548527,0.959436178,0.913154602,0.900733471,0.916912794,0.942084789,0.976553917,0.935612679,0.903036833,0.935517025,0.935517025
6600,2181,0.995084286,0.909623623,0.906960487,0.909066916,0.921056986,0.908035517,0.904068708,0.910437584,0.913670063,0.927948713,0.920595288,0.920595288
6700,2213,0.983871937,0.972044468,0.96783185,1.028131485,1.184013367,0.977176428,0.947062016,0.936468601,0.936007023,0.933032513,0.986563969,0.986563969
6800,2248,0.908504248,0.922026873,0.986308575,0.92722559,1.019052744,0.905760288,1.034186363,0.985106468,0.915033102,0.928961039,0.953216529,0.953216529
6900,2280,0.936035156,0.952059507,0.932050943,0.941078901,1.007645607,1.007698536,0.999482393,0.955599308,1.019447565,0.99091363,0.974201155,0.974201155
7000,2314,0.936072826,1.049709797,0.959368706,1.042023182,0.923820019,0.958312988,0.987024784,0.952925444,0.999413729,1.004665852,0.981333733,0.981333733
7100,2348,0.94163847,0.99136138,0.99998951,0.943452597,0.941713572,1.045435667,1.054155111,0.998927116,0.95155406,0.988880873,0.985710835,0.985710836
7200,2379,1.001152515,0.951068401,0.986430883,0.984298706,0.95947361,0.965255976,1.021429539,1.036996365,1.023078918,1.037331104,0.996651602,0.996651602
7300,2415,1.068126202,0.960893154,1.028045416,0.995552778,0.970454216,0.977129936,0.982368946,0.997651577,1.029883146,0.969188929,0.99792943,0.99792943
7400,2450,1.030546665,1.004840851,0.987255335,1.049489498,0.971050739,0.974234581,1.068309069,0.968295097,1.000709534,1.00395298,1.005868435,1.005868435
7500,2481,1.08605504,0.970426559,0.995347977,1.082359076,1.001034021,0.988738775,1.002473116,0.993851662,0.992352486,1.049431801,1.016207051,1.016207051
7600,2517,1.009565115,1.073257208,1.040683746,1.034260035,1.038128853,1.102015257,1.040953875,1.017712355,1.112886667,1.026148081,1.049561119,1.049561119
7700,2552,1.094137669,1.065923214,1.071289539,1.178977013,1.068341494,1.059005499,1.070079088,1.083415031,1.09702754,1.218518734,1.100671482,1.100671482
7800,2583,1.128564358,1.061555147,1.13543272,1.085073233,1.084949493,1.118234396,1.086558342,1.093357325,1.146903038,1.078813791,1.101944184,1.101944184
7900,2614,1.171336174,1.127099991,1.169347763,1.172864914,1.263540745,1.233583689,1.188648224,1.208670378,1.175808191,1.226714134,1.19376142,1.19376142
8000,2649,1.097042322,1.099297047,1.172708035,1.121888638,1.134879351,1.12787652,1.114501715,1.170226574,1.081127882,1.094857693,1.121440578,1.121440578
8100,2682,1.088750362,1.162760258,1.105195761,1.139473677,1.162777185,1.170869589,1.191562414,1.105169535,1.261811733,1.1324718,1.152084231,1.152084231
8200,2714,1.215237141,1.17329812,1.2609725,1.176083565,1.263912916,1.288753748,1.283867359,1.264343023,1.296929836,1.255657911,1.247905612,1.247905612
8300,2745,1.169778824,1.314488888,1.308610439,1.329613686,1.181260347,1.170374632,1.179694414,1.366877317,1.146332741,1.210030794,1.237706208,1.237706208
8400,2780,1.125066757,1.208079576,1.153049231,1.156105995,1.197980404,1.187181234,1.180967808,1.148044348,1.199764967,1.157916069,1.171415639,1.171415639
8500,2812,1.122437,1.153826714,1.142804861,1.185938358,1.172528267,1.169231653,1.223542213,1.165668964,1.139303684,1.204113483,1.16793952,1.16793952
8600,2844,1.335157156,1.357021093,1.327922821,1.320769548,1.354717731,1.371540308,1.482151747,1.481461048,1.451862812,1.35281992,1.383542418,1.383542418
8700,2880,1.304023027,1.321025372,1.210399389,1.206662178,1.219931841,1.224946499,1.231980324,1.234319687,1.258076668,1.244826317,1.24561913,1.24561913
8800,2913,1.296227694,1.320528269,1.355795622,1.277225971,1.65890193,1.290616751,1.407653332,1.253225565,1.552923203,1.354068518,1.376716685,1.376716685
8900,2945,1.25039506,1.307686329,1.267146349,1.256887674,1.230331898,1.258880615,1.230813265,1.357474327,1.263354778,1.313701153,1.273667145,1.273667145
9000,2977,1.303152084,1.296462536,1.345323563,1.256338835,1.290920258,1.499062061,1.854030848,2.081604004,2.230754375,1.577882051,1.573553061,1.573553061
9100,3009,1.398938179,1.471326351,1.361443996,1.515492916,1.414524794,1.360697508,1.359461546,1.315273762,1.333283663,1.26048851,1.379093122,1.379093122
9200,3038,1.408494711,1.321608067,1.406798124,1.281937838,1.366261721,1.418945551,1.388084412,1.335130692,1.476597309,1.382934093,1.378679252,1.378679252
9300,3072,3.219983816,3.153995037,3.023012161,3.285017729,3.218921423,3.187052965,3.056462288,2.572993279,2.441573858,1.817747355,2.897675991,2.897675991
9400,3105,1.426541328,1.359716415,1.476276875,1.37852931,1.369857073,1.406674862,1.383703947,1.461108446,1.378009081,1.385662556,1.402607989,1.402607989
9500,3141,1.40712142,1.409794092,1.409314156,1.413369179,1.80685401,1.413661718,1.398131609,1.40248251,1.442471027,1.345309258,1.444850898,1.444850898
9600,3173,1.384646893,1.401576281,1.42045784,1.337077379,1.43640995,1.346256018,1.356523514,1.40866065,1.420926094,1.407363415,1.391989803,1.391989803
9700,3208,1.299032927,1.346230745,1.334062099,1.390275955,1.320868015,1.377347231,1.323883533,1.309075117,1.401340961,1.384081364,1.348619795,1.348619795
9800,3242,1.379927874,1.298150539,1.286021471,1.359406233,1.342711926,1.359835863,1.333432674,1.275765419,1.3127141,1.293950796,1.324191689,1.324191689
9900,3275,1.323443174,1.404313087,1.387461185,1.3104074,1.326081514,1.338080168,1.384812593,1.327091217,1.322013378,1.413273811,1.353697753,1.353697753
10000,3308,1.4162395,1.310133934,1.418868303,1.341230392,1.369164944,1.330585957,1.343935966,1.383035898,1.324074984,1.330030203,1.356730008,1.356730008
