N,s,Average Execution Times,Execution Times
1,1,0.0029999732971191405,0.002998828887939453,0.0029993057250976562,0.003002166748046875,0.003000497817993164,0.003000020980834961,0.0029973983764648438,0.0019998550415039062,0.0030012130737304688,0.0030362606048583984,0.00396418571472168
2,1,0.003000020980834961,0.00299835205078125,0.0030012130737304688,0.0019989013671875,0.0040111541748046875,0.00299072265625,0.00299835205078125,0.0020003318786621094,0.0019991397857666016,0.0020003318786621094,0.006001710891723633
3,2,0.003200054168701172,0.0030012130737304688,0.003000497817993164,0.001997709274291992,0.004001617431640625,0.0030007362365722656,0.0030007362365722656,0.002997875213623047,0.0030002593994140625,0.005000591278076172,0.0029993057250976562
4,2,0.0034713268280029295,0.0029997825622558594,0.0030090808868408203,0.0029926300048828125,0.005999326705932617,0.0030045509338378906,0.0029954910278320312,0.0030007362365722656,0.0050203800201416016,0.0026946067810058594,0.002996683120727539
5,3,0.0033999204635620115,0.002998828887939453,0.003000020980834961,0.0029993057250976562,0.005002498626708984,0.0030057430267333984,0.0029921531677246094,0.0030019283294677734,0.00299835205078125,0.005000591278076172,0.0029997825622558594
6,3,0.003342151641845703,0.002997159957885742,0.0030031204223632812,0.0030002593994140625,0.0049991607666015625,0.003492116928100586,0.002930164337158203,0.0029990673065185547,0.0029990673065185547,0.004000663757324219,0.0030007362365722656
7,3,0.003199481964111328,0.003000020980834961,0.0029990673065185547,0.0030002593994140625,0.004997968673706055,0.002000570297241211,0.0019989013671875,0.0030007362365722656,0.004003047943115234,0.004996299743652344,0.0019979476928710938
8,3,0.002999019622802734,0.001992464065551758,0.002999544143676758,0.005000591278076172,0.0029993057250976562,0.003000974655151367,0.0029993057250976562,0.0029997825622558594,0.003999471664428711,0.0019991397857666016,0.0019996166229248047
9,4,0.003902173042297363,0.003002643585205078,0.0059986114501953125,0.0029990673065185547,0.0030007362365722656,0.0029985904693603516,0.006003141403198242,0.003997802734375,0.0030012130737304688,0.002998828887939453,0.005021095275878906
10,4,0.003495645523071289,0.003992557525634766,0.0030019283294677734,0.0029976367950439453,0.0040051937103271484,0.0039598941802978516,0.0030014514923095703,0.00299835205078125,0.002998828887939453,0.005011081695556641,0.002989530563354492
11,5,0.012935757637023926,0.00400090217590332,0.004970550537109375,0.004003286361694336,0.0029985904693603516,0.004003047943115234,0.05280923843383789,0.0275726318359375,0.006000518798828125,0.00699925422668457,0.015999555587768555
12,5,0.004769062995910645,0.008241891860961914,0.00454401969909668,0.003434419631958008,0.00455927848815918,0.005440711975097656,0.003998517990112305,0.003000974655151367,0.004471778869628906,0.0069980621337890625,0.003000974655151367
13,5,0.00429985523223877,0.004001617431640625,0.00600123405456543,0.003998279571533203,0.0029993057250976562,0.0040018558502197266,0.00600433349609375,0.003995180130004883,0.002999544143676758,0.0029993057250976562,0.005997896194458008
14,6,0.004586267471313477,0.007001161575317383,0.0058841705322265625,0.003000497817993164,0.006999015808105469,0.0029973983764648438,0.004000663757324219,0.003997325897216797,0.005982160568237305,0.003000497817993164,0.0029997825622558594
15,6,0.004784941673278809,0.0071201324462890625,0.0038764476776123047,0.004004001617431641,0.004873752593994141,0.005318641662597656,0.003654003143310547,0.003999948501586914,0.0070035457611083984,0.004096031188964844,0.003902912139892578
16,6,0.004901456832885742,0.005998849868774414,0.0039997100830078125,0.003999948501586914,0.007035017013549805,0.003983020782470703,0.003997802734375,0.0060694217681884766,0.005931377410888672,0.004000663757324219,0.003998756408691406
17,6,0.00449984073638916,0.007021665573120117,0.003978729248046875,0.004001140594482422,0.007001399993896484,0.0029959678649902344,0.0040013790130615234,0.003998756408691406,0.00600123405456543,0.0029990673065185547,0.0029990673065185547
18,7,0.007756853103637695,0.009087562561035156,0.009065628051757812,0.010320663452148438,0.00805807113647461,0.009834527969360352,0.005002260208129883,0.00724482536315918,0.007483720779418945,0.0044705867767333984,0.00700068473815918
19,7,0.006392431259155273,0.005887269973754883,0.008919954299926758,0.00810694694519043,0.008002042770385742,0.004716634750366211,0.005291938781738281,0.006999492645263672,0.004999399185180664,0.003999471664428711,0.007001161575317383
20,7,0.0054002046585083004,0.004000186920166016,0.003999233245849609,0.007998228073120117,0.004001140594482422,0.00500178337097168,0.006999492645263672,0.005002260208129883,0.003999471664428711,0.007002115249633789,0.005998134613037109
21,8,0.006196856498718262,0.003999471664428711,0.006843090057373047,0.006798744201660156,0.0049970149993896484,0.007983922958374023,0.004998922348022461,0.007002592086791992,0.007344245910644531,0.005001068115234375,0.006999492645263672
22,8,0.005398440361022949,0.003997087478637695,0.006005048751831055,0.005999088287353516,0.003999233245849609,0.007005214691162109,0.005996227264404297,0.004999399185180664,0.006010293960571289,0.00597381591796875,0.003998994827270508
23,9,0.005721330642700195,0.0059566497802734375,0.004998922348022461,0.00502777099609375,0.005982398986816406,0.004000425338745117,0.008250713348388672,0.0059964656829833984,0.0040018558502197266,0.008022785186767578,0.004975318908691406
24,9,0.006040382385253906,0.005000114440917969,0.007003068923950195,0.0049970149993896484,0.0041577816009521484,0.008847951889038086,0.004409074783325195,0.005997657775878906,0.007983684539794922,0.0050046443939208984,0.007002830505371094
25,9,0.005405855178833008,0.004999637603759766,0.0039997100830078125,0.008238554000854492,0.0047626495361328125,0.0039997100830078125,0.008058309555053711,0.0046520233154296875,0.0043489933013916016,0.0069997310638427734,0.003999233245849609
26,10,0.014568829536437988,0.00800013542175293,0.004999399185180664,0.00673985481262207,0.006964445114135742,0.005997896194458008,0.008066892623901367,0.0059356689453125,0.005999326705932617,0.0869913101196289,0.005993366241455078
27,10,0.008995676040649414,0.012001991271972656,0.021973609924316406,0.011999130249023438,0.005000114440917969,0.0069997310638427734,0.0059397220611572266,0.00500035285949707,0.009040594100952148,0.00500035285949707,0.007001161575317383
28,10,0.0061972618103027345,0.0059740543365478516,0.005000114440917969,0.009002685546875,0.0059967041015625,0.008018732070922852,0.004982709884643555,0.004999637603759766,0.008001327514648438,0.004999399185180664,0.00499725341796875
29,11,0.005749726295471191,0.004992961883544922,0.00500035285949707,0.0070056915283203125,0.00499272346496582,0.005000591278076172,0.008001089096069336,0.004999876022338867,0.0053789615631103516,0.007127285003662109,0.004997730255126953
30,11,0.005904364585876465,0.006999969482421875,0.006023883819580078,0.004996776580810547,0.008001565933227539,0.005000591278076172,0.0059969425201416016,0.005998373031616211,0.004008293151855469,0.00701904296875,0.004998207092285156
31,11,0.006392550468444824,0.005026340484619141,0.008003473281860352,0.005999326705932617,0.0060007572174072266,0.005998849868774414,0.005000591278076172,0.007997751235961914,0.0060007572174072266,0.006897687911987305,0.006999969482421875
32,11,0.00637969970703125,0.005000114440917969,0.007000446319580078,0.0060007572174072266,0.00603032112121582,0.007763862609863281,0.005002021789550781,0.007999420166015625,0.004999399185180664,0.006997585296630859,0.007003068923950195
33,12,0.006541824340820313,0.004999399185180664,0.010001897811889648,0.005998373031616211,0.00599980354309082,0.0064127445220947266,0.005000591278076172,0.009000778198242188,0.0059986114501953125,0.007010936737060547,0.004995107650756836
34,12,0.00665740966796875,0.00700068473815918,0.008013010025024414,0.006000518798828125,0.00800180435180664,0.005998373031616211,0.0065898895263671875,0.00596928596496582,0.005999326705932617,0.007999658584594727,0.005001544952392578
35,13,0.006634044647216797,0.0060002803802490234,0.009000062942504883,0.006000518798828125,0.008002042770385742,0.005001068115234375,0.006865978240966797,0.007470130920410156,0.005001068115234375,0.00799870491027832,0.005000591278076172
36,13,0.006431484222412109,0.005987882614135742,0.005967617034912109,0.005999088287353516,0.0069997310638427734,0.0059986114501953125,0.008001565933227539,0.0063800811767578125,0.005998373031616211,0.006982326507568359,0.005999565124511719
37,13,0.007993412017822266,0.008999824523925781,0.005999565124511719,0.010000228881835938,0.0060002803802490234,0.00802159309387207,0.007913589477539062,0.007199764251708984,0.00879812240600586,0.006999015808105469,0.01000213623046875
38,14,0.010657215118408203,0.00599980354309082,0.007001161575317383,0.0070002079010009766,0.008996009826660156,0.007003068923950195,0.009021282196044922,0.009319067001342773,0.027857542037963867,0.015053510665893555,0.009320497512817383
39,14,0.00790548324584961,0.008977413177490234,0.009137153625488281,0.006685018539428711,0.007491350173950195,0.006984710693359375,0.011164665222167969,0.007832765579223633,0.007732391357421875,0.006586551666259766,0.006462812423706055
40,14,0.007140946388244629,0.006648540496826172,0.006049156188964844,0.008535385131835938,0.006707668304443359,0.006860256195068359,0.006239652633666992,0.008999109268188477,0.006949901580810547,0.006995677947998047,0.007424116134643555
41,15,0.0067255496978759766,0.007001399993896484,0.006985664367675781,0.007106781005859375,0.007000923156738281,0.006999015808105469,0.006005764007568359,0.007000446319580078,0.0060007572174072266,0.00598907470703125,0.007165670394897461
42,15,0.006956267356872559,0.0069997310638427734,0.00699925422668457,0.006738901138305664,0.006779193878173828,0.0073583126068115234,0.006630659103393555,0.006960630416870117,0.007000923156738281,0.007002115249633789,0.007092952728271484
43,16,0.00693669319152832,0.0074002742767333984,0.006598234176635742,0.007027626037597656,0.007025957107543945,0.006886959075927734,0.0070018768310546875,0.0071566104888916016,0.006843090057373047,0.006905794143676758,0.006520509719848633
44,16,0.007328391075134277,0.00792551040649414,0.008307695388793945,0.006842136383056641,0.0073130130767822266,0.006522417068481445,0.007282733917236328,0.006145477294921875,0.00799703598022461,0.0069925785064697266,0.007955312728881836
45,16,0.0070015907287597655,0.006535768508911133,0.0071201324462890625,0.007476329803466797,0.006342887878417969,0.0068340301513671875,0.007192134857177734,0.006517171859741211,0.00799870491027832,0.006999492645263672,0.00699925422668457
46,17,0.007414984703063965,0.007002592086791992,0.007352352142333984,0.006832599639892578,0.008962154388427734,0.007001638412475586,0.006999015808105469,0.00699925422668457,0.007999897003173828,0.007999658584594727,0.00700068473815918
47,17,0.007488846778869629,0.006999969482421875,0.008001327514648438,0.00699925422668457,0.0070035457611083984,0.006999015808105469,0.007001638412475586,0.007999420166015625,0.008887290954589844,0.007997989654541016,0.006999015808105469
48,17,0.007616066932678222,0.007000446319580078,0.008884906768798828,0.006999969482421875,0.006999015808105469,0.006994962692260742,0.008000850677490234,0.008442878723144531,0.00798344612121582,0.007001638412475586,0.007852554321289062
49,17,0.007761478424072266,0.007796049118041992,0.007000446319580078,0.006999015808105469,0.008001327514648438,0.008329629898071289,0.009000301361083984,0.007998943328857422,0.007489681243896484,0.007996559143066406,0.007002830505371094
50,18,0.008203268051147461,0.007000923156738281,0.006999492645263672,0.00862574577331543,0.009002923965454102,0.008595943450927734,0.00800180435180664,0.010001182556152344,0.008000373840332031,0.007803678512573242,0.008000612258911133
51,18,0.00785079002380371,0.008513927459716797,0.006993770599365234,0.008001565933227539,0.00699925422668457,0.008001089096069336,0.007996559143066406,0.00700068473815918,0.008000373840332031,0.009013891220092773,0.007986783981323242
52,19,0.007901573181152343,0.00898599624633789,0.008001327514648438,0.008998870849609375,0.006998300552368164,0.00800013542175293,0.006999969482421875,0.008002996444702148,0.008002996444702148,0.00701141357421875,0.008013725280761719
53,19,0.008434176445007324,0.009564876556396484,0.008776426315307617,0.007999658584594727,0.009000778198242188,0.008998870849609375,0.007999658584594727,0.007001638412475586,0.007998466491699219,0.008000850677490234,0.009000539779663086
54,19,0.008312058448791505,0.008000850677490234,0.00899958610534668,0.008999109268188477,0.00901031494140625,0.00910639762878418,0.007999897003173828,0.00800323486328125,0.007999897003173828,0.007001638412475586,0.007999658584594727
55,19,0.007700324058532715,0.007998943328857422,0.007999181747436523,0.007002115249633789,0.007001161575317383,0.007002115249633789,0.00799870491027832,0.008001565933227539,0.007998228073120117,0.00800180435180664,0.007999420166015625
56,20,0.008499932289123536,0.00899958610534668,0.008000850677490234,0.008999109268188477,0.007999181747436523,0.009001731872558594,0.007999658584594727,0.008998394012451172,0.008001565933227539,0.009000062942504883,0.007999181747436523
57,20,0.008167147636413574,0.008001089096069336,0.008999109268188477,0.006997346878051758,0.009675264358520508,0.007999420166015625,0.007999658584594727,0.007999658584594727,0.007999897003173828,0.00800180435180664,0.007998228073120117
58,21,0.008699584007263183,0.00900125503540039,0.007999420166015625,0.009000539779663086,0.00800013542175293,0.008997440338134766,0.007997512817382812,0.00899815559387207,0.008005857467651367,0.008993387222290039,0.01000213623046875
59,21,0.010818719863891602,0.009000301361083984,0.00799870491027832,0.009001493453979492,0.009412765502929688,0.013060331344604492,0.011930227279663086,0.0172421932220459,0.011557579040527344,0.011006832122802734,0.007976770401000977
60,21,0.00880136489868164,0.008853912353515625,0.008000850677490234,0.008998870849609375,0.009094953536987305,0.00967717170715332,0.009009599685668945,0.00795888900756836,0.008418083190917969,0.008998870849609375,0.009002447128295898
61,21,0.00897977352142334,0.009000539779663086,0.008998870849609375,0.009203672409057617,0.008987903594970703,0.010039567947387695,0.008991241455078125,0.009000539779663086,0.009000539779663086,0.007574558258056641,0.009000301361083984
62,22,0.008790254592895508,0.00799560546875,0.007976293563842773,0.007004737854003906,0.008995532989501953,0.008920669555664062,0.00901031494140625,0.009102106094360352,0.009897232055664062,0.009001970291137695,0.009998083114624023
63,22,0.009205794334411621,0.009000778198242188,0.007999658584594727,0.010000467300415039,0.009001016616821289,0.009000301361083984,0.009055376052856445,0.008999109268188477,0.009999752044677734,0.009000778198242188,0.01000070571899414
64,23,0.009100031852722169,0.009002923965454102,0.008997678756713867,0.010001182556152344,0.009000539779663086,0.009999990463256836,0.009001970291137695,0.009998321533203125,0.007998228073120117,0.007997751235961914,0.009001731872558594
65,23,0.008900094032287597,0.00899958610534668,0.007999181747436523,0.009000539779663086,0.009000062942504883,0.009000062942504883,0.009997367858886719,0.009003400802612305,0.009000062942504883,0.009000062942504883,0.008000612258911133
66,24,0.00914437770843506,0.009443283081054688,0.009000062942504883,0.010002374649047852,0.008999347686767578,0.008998870849609375,0.00899958610534668,0.008000612258911133,0.009000301361083984,0.009000778198242188,0.009998559951782227
67,24,0.009299993515014648,0.010000467300415039,0.009999513626098633,0.00900125503540039,0.009000778198242188,0.01000070571899414,0.00899958610534668,0.010000228881835938,0.007997274398803711,0.009001493453979492,0.008998632431030273
68,24,0.009298944473266601,0.008999824523925781,0.009999752044677734,0.010001420974731445,0.008997917175292969,0.009000301361083984,0.009015083312988281,0.008985042572021484,0.009001493453979492,0.008989095687866211,0.009999513626098633
69,25,0.009319901466369629,0.009199380874633789,0.009002923965454102,0.009999513626098633,0.008998394012451172,0.010000228881835938,0.010000944137573242,0.008998870849609375,0.009000539779663086,0.008998632431030273,0.00899958610534668
70,25,0.009693622589111328,0.009936094284057617,0.010001897811889648,0.009001016616821289,0.008999109268188477,0.010000228881835938,0.010001659393310547,0.008997917175292969,0.010002374649047852,0.009998559951782227,0.009997367858886719
71,25,0.009100008010864257,0.00899958610534668,0.00899505615234375,0.009004354476928711,0.008998394012451172,0.00899958610534668,0.009000778198242188,0.009999513626098633,0.009001016616821289,0.009001493453979492,0.009000301361083984
72,25,0.00949389934539795,0.009001493453979492,0.009998321533203125,0.009000062942504883,0.010001182556152344,0.009000778198242188,0.008999109268188477,0.009928226470947266,0.010000944137573242,0.009998321533203125,0.009010553359985352
73,26,0.013225150108337403,0.009001493453979492,0.009999752044677734,0.009999513626098633,0.008235931396484375,0.009000301361083984,0.013002395629882812,0.018946170806884766,0.01706552505493164,0.019002437591552734,0.01799798011779785
74,26,0.012584280967712403,0.018675565719604492,0.012742042541503906,0.018056631088256836,0.012372016906738281,0.011000871658325195,0.013998985290527344,0.010998725891113281,0.010000467300415039,0.008999347686767578,0.00899815559387207
75,26,0.00950002670288086,0.009000062942504883,0.009000062942504883,0.009001016616821289,0.008999109268188477,0.010001420974731445,0.00899815559387207,0.010002374649047852,0.00999903678894043,0.010001182556152344,0.009997844696044922
76,27,0.010812020301818848,0.008997678756713867,0.009999275207519531,0.010001897811889648,0.010000228881835938,0.010000944137573242,0.011000633239746094,0.012997627258300781,0.011002540588378906,0.010114431381225586,0.014004945755004883
77,27,0.012668395042419433,0.012596368789672852,0.01199960708618164,0.011225223541259766,0.01298379898071289,0.013496875762939453,0.011001348495483398,0.010000944137573242,0.016000747680664062,0.014380455017089844,0.012998580932617188
78,28,0.011107873916625977,0.013000965118408203,0.011998176574707031,0.010996341705322266,0.010274648666381836,0.01004338264465332,0.010998010635375977,0.011003255844116211,0.010764360427856445,0.011998653411865234,0.010000944137573242
79,28,0.010155773162841797,0.009999513626098633,0.011000394821166992,0.011002302169799805,0.010549783706665039,0.009999513626098633,0.009003162384033203,0.009998798370361328,0.00900125503540039,0.01000070571899414,0.011002302169799805
80,28,0.010329008102416992,0.010998010635375977,0.010002613067626953,0.010010480880737305,0.010032176971435547,0.01000070571899414,0.009243488311767578,0.010001420974731445,0.010001420974731445,0.010998249053955078,0.012001514434814453
81,29,0.010303831100463868,0.009998798370361328,0.010039567947387695,0.010997772216796875,0.010999917984008789,0.010000228881835938,0.009999990463256836,0.009000062942504883,0.010999917984008789,0.011000394821166992,0.010001659393310547
82,29,0.010005354881286621,0.010048866271972656,0.010002374649047852,0.01000356674194336,0.009999990463256836,0.009999990463256836,0.009997844696044922,0.008998632431030273,0.011002302169799805,0.009997367858886719,0.010002613067626953
83,30,0.010801362991333007,0.010999917984008789,0.009999752044677734,0.011000633239746094,0.010000467300415039,0.011000871658325195,0.010998964309692383,0.010999202728271484,0.011001110076904297,0.011028289794921875,0.010984420776367188
84,30,0.011044931411743165,0.012002706527709961,0.010999441146850586,0.011002063751220703,0.010000944137573242,0.010999679565429688,0.011999130249023438,0.011435985565185547,0.011037111282348633,0.010973215103149414,0.00999903678894043
85,30,0.01098322868347168,0.009999513626098633,0.011000633239746094,0.009999990463256836,0.011680364608764648,0.010021448135375977,0.0119476318359375,0.01163792610168457,0.010806083679199219,0.011932134628295898,0.010806560516357422
86,30,0.011053514480590821,0.011455535888671875,0.01113128662109375,0.010617494583129883,0.011406898498535156,0.011051416397094727,0.011176109313964844,0.010992288589477539,0.010899066925048828,0.010797977447509766,0.011007070541381836
87,30,0.011223149299621583,0.0106964111328125,0.011276721954345703,0.011718273162841797,0.010866641998291016,0.011403560638427734,0.010842084884643555,0.01100301742553711,0.011999130249023438,0.010999679565429688,0.011425971984863281
88,31,0.011155128479003906,0.011935949325561523,0.011905193328857422,0.012188434600830078,0.01081395149230957,0.011038780212402344,0.011434078216552734,0.010000467300415039,0.010207414627075195,0.011008501052856445,0.011018514633178711
89,31,0.011571192741394043,0.011563777923583984,0.011600971221923828,0.011348962783813477,0.009999752044677734,0.012408971786499023,0.011604547500610352,0.011562108993530273,0.011986494064331055,0.011699914932250977,0.011936426162719727
90,31,0.011526823043823242,0.012075424194335938,0.012009620666503906,0.011062145233154297,0.010736227035522461,0.012000322341918945,0.011839628219604492,0.011180877685546875,0.01261448860168457,0.011011123657226562,0.010738372802734375
91,31,0.011695504188537598,0.01200103759765625,0.012001514434814453,0.01217508316040039,0.012190580368041992,0.012020587921142578,0.01265573501586914,0.01090693473815918,0.011217594146728516,0.010784387588500977,0.0110015869140625
92,32,0.010946512222290039,0.010971546173095703,0.01107645034790039,0.011003494262695312,0.011324644088745117,0.01159214973449707,0.010018110275268555,0.011293411254882812,0.01087498664855957,0.010384321212768555,0.010926008224487305
93,32,0.011796045303344726,0.012003421783447266,0.012021541595458984,0.012221813201904297,0.012758970260620117,0.012170076370239258,0.010774850845336914,0.011221170425415039,0.010777950286865234,0.011998414993286133,0.012012243270874023
94,32,0.013075971603393554,0.011007070541381836,0.012001276016235352,0.012838363647460938,0.012102603912353516,0.012078046798706055,0.01270914077758789,0.01196599006652832,0.012418031692504883,0.012659788131713867,0.02097940444946289
95,33,0.012319111824035644,0.012520313262939453,0.011998176574707031,0.012237310409545898,0.012139320373535156,0.01245427131652832,0.013017654418945312,0.012859821319580078,0.011565923690795898,0.012027978897094727,0.01237034797668457
96,33,0.012293362617492675,0.011789798736572266,0.012654542922973633,0.01187896728515625,0.011393070220947266,0.011801004409790039,0.011831998825073242,0.01260995864868164,0.012014150619506836,0.013418197631835938,0.013541936874389648
97,33,0.01316819190979004,0.011438131332397461,0.011667728424072266,0.012570381164550781,0.012999773025512695,0.01399850845336914,0.012961864471435547,0.013215303421020508,0.012834548950195312,0.013448953628540039,0.01654672622680664
98,34,0.012292933464050294,0.013003826141357422,0.011921167373657227,0.012552261352539062,0.011862039566040039,0.011481285095214844,0.01215052604675293,0.01230001449584961,0.012469053268432617,0.01267242431640625,0.01251673698425293
99,34,0.012738037109375,0.012306928634643555,0.013751029968261719,0.012478351593017578,0.011356353759765625,0.012999534606933594,0.012999534606933594,0.013379096984863281,0.01262211799621582,0.012609720230102539,0.012877702713012695
100,34,0.01204833984375,0.011998414993286133,0.011739969253540039,0.01183009147644043,0.012483596801757812,0.012497186660766602,0.01083993911743164,0.011288166046142578,0.012310504913330078,0.012617826461791992,0.012877702713012695
100,34,0.017289400100708008,0.014997720718383789,0.012923955917358398,0.012681007385253906,0.013053417205810547,0.01808905601501465,0.021083354949951172,0.023485422134399414,0.019104719161987305,0.02305316925048828,0.014422178268432617
110,37,0.012956619262695312,0.013654708862304688,0.012971162796020508,0.012998819351196289,0.012308597564697266,0.01268768310546875,0.013697624206542969,0.012644529342651367,0.01246333122253418,0.012772083282470703,0.013367652893066406
120,41,0.014813423156738281,0.01874685287475586,0.017215967178344727,0.015258073806762695,0.013497352600097656,0.013930320739746094,0.013999223709106445,0.014608383178710938,0.013876676559448242,0.014002799987792969,0.012998580932617188
130,45,0.01788012981414795,0.017168283462524414,0.015639305114746094,0.01599574089050293,0.0157773494720459,0.015983104705810547,0.016469240188598633,0.015694856643676758,0.015001535415649414,0.033544301986694336,0.01752758026123047
140,48,0.016051864624023436,0.016818523406982422,0.01637721061706543,0.016538619995117188,0.015981435775756836,0.015914440155029297,0.0159757137298584,0.017061471939086914,0.01499795913696289,0.015414714813232422,0.015438556671142578
150,51,0.017298197746276854,0.016496658325195312,0.017195940017700195,0.017386436462402344,0.017206907272338867,0.021746158599853516,0.016813039779663086,0.0171356201171875,0.016149520874023438,0.01642465591430664,0.016427040100097656
160,54,0.018680906295776366,0.017902612686157227,0.019235849380493164,0.020009517669677734,0.020316362380981445,0.02021002769470215,0.017438888549804688,0.017001867294311523,0.01703810691833496,0.016960620880126953,0.020695209503173828
170,58,0.020187640190124513,0.019791126251220703,0.02028965950012207,0.020477294921875,0.018001794815063477,0.019184112548828125,0.019200563430786133,0.01973128318786621,0.01953744888305664,0.0249788761138916,0.020684242248535156
180,61,0.027805161476135255,0.08031415939331055,0.02978825569152832,0.023000478744506836,0.018937110900878906,0.0189969539642334,0.020268917083740234,0.020980119705200195,0.021723508834838867,0.022149085998535156,0.021893024444580078
190,65,0.023456859588623046,0.03926491737365723,0.02382802963256836,0.02129983901977539,0.020833492279052734,0.02076268196105957,0.021122455596923828,0.022345542907714844,0.02203536033630371,0.021001100540161133,0.022075176239013672
200,68,0.02296895980834961,0.029140710830688477,0.022860288619995117,0.022290468215942383,0.02200007438659668,0.021952390670776367,0.020602703094482422,0.022633075714111328,0.02300715446472168,0.022986650466918945,0.022216081619262695
210,71,0.023545074462890624,0.026484966278076172,0.02398061752319336,0.023829221725463867,0.023398160934448242,0.022969722747802734,0.022987842559814453,0.02299952507019043,0.021999359130859375,0.02480626106262207,0.021995067596435547
220,75,0.02365255355834961,0.02350139617919922,0.021419048309326172,0.021999120712280273,0.0240020751953125,0.02399921417236328,0.024126768112182617,0.023572206497192383,0.02401113510131836,0.026669740676879883,0.023224830627441406
230,79,0.025623488426208495,0.03199958801269531,0.026255369186401367,0.024003267288208008,0.024941444396972656,0.026002168655395508,0.024003028869628906,0.025000333786010742,0.024966716766357422,0.024058103561401367,0.025004863739013672
240,81,0.025841617584228517,0.02590799331665039,0.029131650924682617,0.02487945556640625,0.025178194046020508,0.025374412536621094,0.026143789291381836,0.025919437408447266,0.026530027389526367,0.02532815933227539,0.024023056030273438
250,84,0.026494145393371582,0.026959657669067383,0.026021957397460938,0.028029203414916992,0.02794027328491211,0.026000261306762695,0.025011301040649414,0.028001070022583008,0.027022838592529297,0.024841785430908203,0.02511310577392578
260,87,0.02703988552093506,0.02696704864501953,0.028998851776123047,0.028571605682373047,0.02652907371520996,0.025783300399780273,0.026050806045532227,0.027353763580322266,0.026927471160888672,0.027228832244873047,0.025988101959228516
270,91,0.027889728546142578,0.029125690460205078,0.028743267059326172,0.02728128433227539,0.0265655517578125,0.02662968635559082,0.02939581871032715,0.0276491641998291,0.02755594253540039,0.02654862403869629,0.02940225601196289
280,94,0.02953784465789795,0.029618501663208008,0.02696681022644043,0.029597997665405273,0.029987573623657227,0.03125119209289551,0.029555082321166992,0.030421972274780273,0.030001163482666016,0.02901434898376465,0.028963804244995117
290,98,0.03003239631652832,0.029381752014160156,0.028239011764526367,0.028542518615722656,0.030000925064086914,0.030970335006713867,0.02912425994873047,0.028998374938964844,0.030146360397338867,0.03575444221496582,0.029165983200073242
300,100,0.030910325050354005,0.029720544815063477,0.030564308166503906,0.030175447463989258,0.032083988189697266,0.031033992767333984,0.029954910278320312,0.030971050262451172,0.03163313865661621,0.031005382537841797,0.031960487365722656
310,105,0.03266663551330566,0.03198409080505371,0.032669782638549805,0.03215527534484863,0.03200221061706543,0.03349447250366211,0.033472299575805664,0.032967567443847656,0.03200054168701172,0.032918691635131836,0.03300142288208008
320,108,0.03343071937561035,0.03441309928894043,0.03396201133728027,0.03354763984680176,0.0332181453704834,0.03355669975280762,0.03360581398010254,0.034060001373291016,0.03394055366516113,0.03100275993347168,0.03300046920776367
330,111,0.05149023532867432,0.12346839904785156,0.08802366256713867,0.03899812698364258,0.04000091552734375,0.0364227294921875,0.03902864456176758,0.03798341751098633,0.038997650146484375,0.03600144386291504,0.03597736358642578
340,115,0.036458611488342285,0.03554534912109375,0.03499937057495117,0.03600120544433594,0.03798699378967285,0.0350039005279541,0.03699898719787598,0.042073726654052734,0.03699922561645508,0.033974647521972656,0.035002708435058594
350,118,0.04534473419189453,0.03699946403503418,0.0390009880065918,0.03796815872192383,0.035970449447631836,0.038550615310668945,0.03700113296508789,0.03701663017272949,0.03999781608581543,0.09897494316101074,0.05196714401245117
360,122,0.03870241641998291,0.03899860382080078,0.04004502296447754,0.0406036376953125,0.0379335880279541,0.039977073669433594,0.038994789123535156,0.03600001335144043,0.040006160736083984,0.03749966621398926,0.03696560859680176
370,126,0.04008944034576416,0.04096412658691406,0.0429692268371582,0.03999972343444824,0.04001164436340332,0.038986921310424805,0.0390009880065918,0.04099583625793457,0.03901505470275879,0.03997492790222168,0.03897595405578613
380,129,0.06349990367889405,0.04438161849975586,0.042176008224487305,0.04703831672668457,0.0432126522064209,0.040999412536621094,0.07585930824279785,0.0658884048461914,0.17644596099853516,0.05199861526489258,0.04699873924255371
390,132,0.06127078533172607,0.09095191955566406,0.08960890769958496,0.07235956192016602,0.04986071586608887,0.054962158203125,0.06107187271118164,0.047997236251831055,0.04617905616760254,0.04960823059082031,0.05010819435119629
400,135,0.05769965648651123,0.04791116714477539,0.048456430435180664,0.047000885009765625,0.0502471923828125,0.12108445167541504,0.06730270385742188,0.04706764221191406,0.050952911376953125,0.04999947547912598,0.04697370529174805
410,139,0.04421772956848145,0.049031972885131836,0.04400014877319336,0.04253530502319336,0.04477190971374512,0.04301881790161133,0.04196619987487793,0.04500102996826172,0.04209637641906738,0.04396462440490723,0.045790910720825195
420,141,0.050560736656188966,0.04350924491882324,0.04554343223571777,0.048377037048339844,0.06235504150390625,0.06619477272033691,0.05765199661254883,0.04600024223327637,0.04700112342834473,0.04400014877319336,0.044974327087402344
430,144,0.04579951763153076,0.04696846008300781,0.04599809646606445,0.04699897766113281,0.04750394821166992,0.04301142692565918,0.046001434326171875,0.04700064659118652,0.045001983642578125,0.0439755916595459,0.045534610748291016
440,148,0.047297549247741696,0.046970367431640625,0.04797196388244629,0.048970699310302734,0.04596972465515137,0.045972585678100586,0.04511427879333496,0.04899740219116211,0.04796791076660156,0.04706430435180664,0.04797625541687012
450,151,0.0480877161026001,0.0480036735534668,0.04900097846984863,0.047976016998291016,0.04900383949279785,0.049989938735961914,0.04784798622131348,0.049144744873046875,0.04733610153198242,0.048573970794677734,0.04399991035461426
460,154,0.0493577241897583,0.05099987983703613,0.04791378974914551,0.05000114440917969,0.0489652156829834,0.048758506774902344,0.04799294471740723,0.049968719482421875,0.05000042915344238,0.04900050163269043,0.04997611045837402
470,157,0.048914098739624025,0.04997611045837402,0.0499727725982666,0.04796624183654785,0.04596304893493652,0.04800224304199219,0.04931473731994629,0.050000667572021484,0.04799985885620117,0.04997658729553223,0.049968719482421875
480,160,0.050470280647277835,0.05000019073486328,0.050000905990600586,0.05100297927856445,0.04886794090270996,0.05291175842285156,0.049970388412475586,0.052974700927734375,0.04900193214416504,0.04999947547912598,0.0499725341796875
490,164,0.05984117984771729,0.059355974197387695,0.0531916618347168,0.059217214584350586,0.059996843338012695,0.08695268630981445,0.059001922607421875,0.05832314491271973,0.05699729919433594,0.052002668380737305,0.05337238311767578
500,168,0.053467082977294925,0.05123782157897949,0.054999589920043945,0.05397295951843262,0.05696678161621094,0.05297565460205078,0.05398869514465332,0.05158400535583496,0.05197739601135254,0.052965641021728516,0.05400228500366211
510,171,0.06605386734008789,0.057004451751708984,0.05581378936767578,0.0559995174407959,0.14752435684204102,0.07024168968200684,0.05799293518066406,0.05596137046813965,0.053000688552856445,0.05499911308288574,0.05200076103210449
520,174,0.07422709465026855,0.06489801406860352,0.0679011344909668,0.10308194160461426,0.10005354881286621,0.0699472427368164,0.07518625259399414,0.07847309112548828,0.06125807762145996,0.059662580490112305,0.06180906295776367
530,177,0.0612757682800293,0.06642389297485352,0.06321883201599121,0.06191515922546387,0.06267976760864258,0.06300187110900879,0.059232234954833984,0.0605158805847168,0.061767578125,0.06000161170959473,0.0540008544921875
540,180,0.061953043937683104,0.05847573280334473,0.05658102035522461,0.056977033615112305,0.05371594429016113,0.05396842956542969,0.0559687614440918,0.10981297492980957,0.058975934982299805,0.059969425201416016,0.055085182189941406
550,183,0.05664780139923096,0.05794787406921387,0.056000471115112305,0.05700254440307617,0.05397462844848633,0.05600309371948242,0.057961225509643555,0.05697751045227051,0.054999351501464844,0.0559995174407959,0.05961179733276367
560,187,0.06142194271087646,0.060996294021606445,0.06705570220947266,0.0589752197265625,0.060003042221069336,0.06400275230407715,0.06299996376037598,0.058236122131347656,0.05997776985168457,0.06097149848937988,0.06100106239318848
570,190,0.07237598896026612,0.06255507469177246,0.15560412406921387,0.08096981048583984,0.06500482559204102,0.06309199333190918,0.0639033317565918,0.056973934173583984,0.05532383918762207,0.05900216102600098,0.06133079528808594
580,194,0.0682297706604004,0.06905102729797363,0.06488776206970215,0.06672382354736328,0.0712435245513916,0.07302236557006836,0.06306195259094238,0.06700801849365234,0.08129262924194336,0.06399893760681152,0.06200766563415527
590,197,0.06207113265991211,0.0610044002532959,0.061923980712890625,0.0609738826751709,0.05999588966369629,0.06296896934509277,0.06197547912597656,0.06696724891662598,0.06189560890197754,0.062000274658203125,0.061005592346191406
600,200,0.06199467182159424,0.05797863006591797,0.061981916427612305,0.06396842002868652,0.0650031566619873,0.061998605728149414,0.060967445373535156,0.0630342960357666,0.06208467483520508,0.06096816062927246,0.06196141242980957
610,204,0.0638847827911377,0.06694507598876953,0.06496858596801758,0.06197667121887207,0.06396603584289551,0.05911087989807129,0.06100034713745117,0.07399940490722656,0.06400084495544434,0.06497406959533691,0.05790591239929199
620,207,0.07287225723266602,0.06209373474121094,0.06349682807922363,0.06396722793579102,0.06597232818603516,0.07496333122253418,0.06879782676696777,0.0989985466003418,0.08646297454833984,0.07197022438049316,0.07199954986572266
630,211,0.07440035343170166,0.05999875068664551,0.06650066375732422,0.06400227546691895,0.06496477127075195,0.0860130786895752,0.0746610164642334,0.08633065223693848,0.08399319648742676,0.07500100135803223,0.08253812789916992
640,214,0.06541595458984376,0.06597042083740234,0.06500029563903809,0.06325030326843262,0.06600046157836914,0.06597495079040527,0.06695890426635742,0.06600213050842285,0.0650022029876709,0.06399798393249512,0.06600189208984375
650,217,0.06491351127624512,0.06396818161010742,0.06297779083251953,0.06800699234008789,0.07329416275024414,0.06401824951171875,0.060172080993652344,0.06396317481994629,0.0630192756652832,0.06574702262878418,0.06396818161010742
660,222,0.06677665710449218,0.06599950790405273,0.06797528266906738,0.06499838829040527,0.06596493721008301,0.06699824333190918,0.06697487831115723,0.06897354125976562,0.06496238708496094,0.06600189208984375,0.06891751289367676
670,226,0.06755452156066895,0.06395483016967773,0.06786465644836426,0.06797170639038086,0.06896018981933594,0.06896138191223145,0.0669715404510498,0.06796717643737793,0.06796741485595703,0.0679616928100586,0.06696462631225586
680,229,0.06909823417663574,0.06800127029418945,0.06896615028381348,0.06995987892150879,0.07099151611328125,0.0679931640625,0.06696557998657227,0.07099771499633789,0.06795740127563477,0.07063531875610352,0.06851434707641602
690,231,0.0688746452331543,0.06902718544006348,0.06797599792480469,0.06796765327453613,0.06997799873352051,0.06997132301330566,0.06796765327453613,0.07047104835510254,0.06799912452697754,0.06797432899475098,0.06941413879394531
700,234,0.08654489517211914,0.06996965408325195,0.0670003890991211,0.07783627510070801,0.08319783210754395,0.08408594131469727,0.09015274047851562,0.14620423316955566,0.082000732421875,0.09599852561950684,0.06900262832641602
710,238,0.07608749866485595,0.07297372817993164,0.0949711799621582,0.0820760726928711,0.07257723808288574,0.07300066947937012,0.07699966430664062,0.07433104515075684,0.07497572898864746,0.06796884536743164,0.07100081443786621
720,241,0.07500214576721191,0.08196306228637695,0.071044921875,0.07397961616516113,0.07006406784057617,0.07701373100280762,0.07402229309082031,0.07799839973449707,0.06901955604553223,0.07545137405395508,0.07946443557739258
730,244,0.07519798278808594,0.07305550575256348,0.07300901412963867,0.0739743709564209,0.07596802711486816,0.0749654769897461,0.08306574821472168,0.07796835899353027,0.07200407981872559,0.07497048377990723,0.0729987621307373
740,248,0.07420730590820312,0.07196807861328125,0.07200121879577637,0.07197070121765137,0.07398319244384766,0.07497501373291016,0.07400131225585938,0.07527351379394531,0.08097481727600098,0.07296943664550781,0.07395577430725098
750,252,0.0773773431777954,0.07896280288696289,0.07296538352966309,0.07600569725036621,0.08396387100219727,0.08297061920166016,0.08197164535522461,0.07200312614440918,0.07496047019958496,0.07397031784057617,0.07599949836730957
760,255,0.07778594493865967,0.07611322402954102,0.07699990272521973,0.07595562934875488,0.07899832725524902,0.09196925163269043,0.07496118545532227,0.07696533203125,0.07597589492797852,0.07495403289794922,0.0749666690826416
770,258,0.0792283296585083,0.07696819305419922,0.08297491073608398,0.08097147941589355,0.07696533203125,0.07416772842407227,0.07787084579467773,0.0879824161529541,0.07931256294250488,0.08060002326965332,0.07446980476379395
780,261,0.07858283519744873,0.0780797004699707,0.07696294784545898,0.08198165893554688,0.08083295822143555,0.08598518371582031,0.07610917091369629,0.0749814510345459,0.07608699798583984,0.07783222198486328,0.07697606086730957
790,264,0.08007092475891113,0.07796883583068848,0.08297085762023926,0.07693839073181152,0.07599472999572754,0.08196520805358887,0.08291912078857422,0.0809781551361084,0.07950043678283691,0.07752561569213867,0.08394789695739746
800,268,0.07737739086151123,0.07399988174438477,0.07597064971923828,0.07791590690612793,0.07899951934814453,0.07998156547546387,0.07798147201538086,0.07497143745422363,0.07598400115966797,0.08000326156616211,0.07796621322631836
810,270,0.0804898977279663,0.07709527015686035,0.0769801139831543,0.08697175979614258,0.08302688598632812,0.08001303672790527,0.07996129989624023,0.07899212837219238,0.0799093246459961,0.08496809005737305,0.0769810676574707
820,273,0.08017961978912354,0.07996773719787598,0.08095932006835938,0.08049225807189941,0.07943463325500488,0.08197355270385742,0.08200812339782715,0.07990312576293945,0.0780038833618164,0.07906579971313477,0.07998776435852051
830,277,0.08046114444732666,0.07987236976623535,0.07990860939025879,0.08196139335632324,0.08201432228088379,0.07997727394104004,0.08199214935302734,0.07999300956726074,0.07832980155944824,0.07958388328552246,0.0809786319732666
840,280,0.08035740852355958,0.08098292350769043,0.07895493507385254,0.07929015159606934,0.08100032806396484,0.0784006118774414,0.08160710334777832,0.07899880409240723,0.08100366592407227,0.08000016212463379,0.08333539962768555
850,283,0.08707387447357177,0.08388066291809082,0.12104153633117676,0.08900165557861328,0.0859994888305664,0.08400106430053711,0.0800015926361084,0.08080840110778809,0.08100056648254395,0.08300137519836426,0.08200240135192871
860,287,0.08293728828430176,0.07999992370605469,0.08300042152404785,0.08300042152404785,0.08300185203552246,0.08001446723937988,0.0826115608215332,0.08096861839294434,0.08331680297851562,0.08945703506469727,0.08400177955627441
870,291,0.08481869697570801,0.08575606346130371,0.08000326156616211,0.08154010772705078,0.0859994888305664,0.08500099182128906,0.08499932289123535,0.08591437339782715,0.0840005874633789,0.08617043495178223,0.08880233764648438
880,294,0.08643276691436767,0.08500099182128906,0.08600020408630371,0.08799982070922852,0.08699989318847656,0.08526754379272461,0.08800005912780762,0.08733916282653809,0.08600115776062012,0.08671712875366211,0.08500170707702637
890,298,0.08897502422332763,0.09900188446044922,0.08600258827209473,0.08999967575073242,0.08800101280212402,0.08496856689453125,0.08899927139282227,0.08977651596069336,0.08799958229064941,0.08600068092346191,0.08900046348571777
900,301,0.08842587471008301,0.08753848075866699,0.08604979515075684,0.09299945831298828,0.09000110626220703,0.09069705009460449,0.08700037002563477,0.08999967575073242,0.0890035629272461,0.08597397804260254,0.08499526977539062
910,304,0.09309518337249756,0.08952140808105469,0.08900189399719238,0.10001516342163086,0.10197281837463379,0.09500241279602051,0.08943438529968262,0.0882730484008789,0.09743022918701172,0.08929991722106934,0.09100055694580078
920,307,0.09380700588226318,0.09297513961791992,0.09174418449401855,0.09500002861022949,0.09399986267089844,0.0879981517791748,0.09500265121459961,0.0953981876373291,0.09588384628295898,0.08696913719177246,0.10309886932373047
930,310,0.09459047317504883,0.09424686431884766,0.09200310707092285,0.09297561645507812,0.09399890899658203,0.09500288963317871,0.09571123123168945,0.09200525283813477,0.09799838066101074,0.09496021270751953,0.09700226783752441
940,313,0.0926926612854004,0.0960700511932373,0.09019827842712402,0.09400153160095215,0.09405398368835449,0.09397530555725098,0.08952140808105469,0.0889730453491211,0.09100055694580078,0.09417271614074707,0.09495973587036133
950,316,0.0946929931640625,0.08800220489501953,0.0930018424987793,0.09393954277038574,0.0919795036315918,0.09000015258789062,0.09301209449768066,0.10909247398376465,0.0999002456665039,0.0950019359588623,0.09299993515014648
960,318,0.09534666538238526,0.08967351913452148,0.09200024604797363,0.10026884078979492,0.09100031852722168,0.09299588203430176,0.09625411033630371,0.0874481201171875,0.09251070022583008,0.1156456470489502,0.09566926956176758
970,323,0.09630289077758789,0.09199976921081543,0.0972752571105957,0.09717583656311035,0.09698605537414551,0.09679865837097168,0.09850955009460449,0.0960090160369873,0.09376811981201172,0.09850621223449707,0.09600043296813965
980,325,0.10104007720947265,0.0949702262878418,0.09200668334960938,0.09300017356872559,0.09585309028625488,0.09273672103881836,0.09600043296813965,0.09692740440368652,0.09591937065124512,0.11396074295043945,0.13902592658996582
990,329,0.09701452255249024,0.10399842262268066,0.09400057792663574,0.09894943237304688,0.09700179100036621,0.0970003604888916,0.0970005989074707,0.09400272369384766,0.09418964385986328,0.0970001220703125,0.09700155258178711
1000,332,0.10231366157531738,0.1080770492553711,0.10096359252929688,0.09745454788208008,0.10091543197631836,0.10600066184997559,0.09800052642822266,0.10500216484069824,0.10572290420532227,0.09700202941894531,0.10399770736694336
1000,332,0.10656378269195557,0.0970001220703125,0.09799981117248535,0.10199832916259766,0.10100007057189941,0.10200119018554688,0.09794831275939941,0.0970008373260498,0.1532878875732422,0.09966206550598145,0.11773920059204102
1100,366,0.10911738872528076,0.12331461906433105,0.11502575874328613,0.1020660400390625,0.10601997375488281,0.10399961471557617,0.10900092124938965,0.10793328285217285,0.10700106620788574,0.11005711555480957,0.10675549507141113
1200,402,0.11825683116912841,0.11894488334655762,0.11604928970336914,0.11901712417602539,0.11590027809143066,0.11296844482421875,0.11783409118652344,0.11800169944763184,0.1278533935546875,0.11799979209899902,0.11799931526184082
1300,435,0.139152455329895,0.16010427474975586,0.14516091346740723,0.13315439224243164,0.1313493251800537,0.16813158988952637,0.13814973831176758,0.1299738883972168,0.12786483764648438,0.12592744827270508,0.13170814514160156
1400,467,0.13775830268859862,0.13732576370239258,0.13842344284057617,0.13734126091003418,0.13545012474060059,0.14026904106140137,0.14331388473510742,0.1320655345916748,0.13500046730041504,0.13863277435302734,0.13976073265075684
1500,499,0.16996004581451415,0.2090451717376709,0.17011690139770508,0.18377161026000977,0.16312193870544434,0.1577141284942627,0.16817116737365723,0.16015172004699707,0.1624457836151123,0.16108250617980957,0.16397953033447266
1600,533,0.17231459617614747,0.1670987606048584,0.17403173446655273,0.1614241600036621,0.26132822036743164,0.17145419120788574,0.15521931648254395,0.16280603408813477,0.155348539352417,0.16335463523864746,0.15108036994934082
1700,566,0.16740007400512696,0.16399860382080078,0.16911840438842773,0.16100072860717773,0.16495513916015625,0.1590726375579834,0.16312146186828613,0.15929150581359863,0.17210698127746582,0.18088746070861816,0.18044781684875488
1800,595,0.1849743127822876,0.1829986572265625,0.17401742935180664,0.17200255393981934,0.22367095947265625,0.19696521759033203,0.19191861152648926,0.18200159072875977,0.1790165901184082,0.1738111972808838,0.1733403205871582
1900,628,0.23607921600341797,0.2019200325012207,0.20332670211791992,0.22118091583251953,0.21801447868347168,0.21044230461120605,0.20896458625793457,0.2309274673461914,0.2524242401123047,0.2848978042602539,0.3286936283111572
2000,662,0.221616792678833,0.1891319751739502,0.19193696975708008,0.19318008422851562,0.23857545852661133,0.30423545837402344,0.23708009719848633,0.2502772808074951,0.20445656776428223,0.2091541290283203,0.19813990592956543
2100,695,0.21039228439331054,0.20931386947631836,0.20975923538208008,0.2111191749572754,0.2102677822113037,0.20400118827819824,0.21160435676574707,0.21079540252685547,0.21108341217041016,0.22299981117248535,0.20297861099243164
2200,727,0.306749153137207,0.3155062198638916,0.4820089340209961,0.4441850185394287,0.4681246280670166,0.2413644790649414,0.21906089782714844,0.21154189109802246,0.22209715843200684,0.23838233947753906,0.2252199649810791
2300,760,0.2418830156326294,0.21494436264038086,0.22338390350341797,0.23957586288452148,0.2368638515472412,0.2914912700653076,0.24071264266967773,0.23024654388427734,0.23275446891784668,0.24355554580688477,0.2653017044067383
2400,795,0.24145843982696533,0.24900269508361816,0.24144315719604492,0.23796653747558594,0.246734619140625,0.23897528648376465,0.24516081809997559,0.24055099487304688,0.24796795845031738,0.2329120635986328,0.233870267868042
2500,828,0.2618976593017578,0.25626611709594727,0.25005626678466797,0.2495589256286621,0.24193429946899414,0.27207303047180176,0.2590024471282959,0.2530035972595215,0.28088879585266113,0.2864499092102051,0.2697432041168213
2600,861,0.26176044940948484,0.25200939178466797,0.2558414936065674,0.2659640312194824,0.25794196128845215,0.26081252098083496,0.2698216438293457,0.26908373832702637,0.2560102939605713,0.2711219787597656,0.25899744033813477
2700,892,0.27398698329925536,0.2709994316101074,0.2740600109100342,0.274996280670166,0.2789580821990967,0.2759668827056885,0.25466203689575195,0.29000020027160645,0.2542135715484619,0.2868962287902832,0.2791171073913574
2800,925,0.2859985589981079,0.3196530342102051,0.2991764545440674,0.28101325035095215,0.2777583599090576,0.2740316390991211,0.2850353717803955,0.2751655578613281,0.27791619300842285,0.29029273986816406,0.27994298934936523
2900,957,0.3146535396575928,0.28696274757385254,0.29633283615112305,0.3018457889556885,0.3122532367706299,0.4069082736968994,0.3279380798339844,0.3208122253417969,0.29642748832702637,0.3026704788208008,0.294384241104126
3000,991,0.3247541904449463,0.3532257080078125,0.36797571182250977,0.4099276065826416,0.31125402450561523,0.3149549961090088,0.2950625419616699,0.29911017417907715,0.29703712463378906,0.30400681495666504,0.29498720169067383
3100,1025,0.3235249757766724,0.31781458854675293,0.3077583312988281,0.3126411437988281,0.3245506286621094,0.32520127296447754,0.3072948455810547,0.33711767196655273,0.35134339332580566,0.3346250057220459,0.31690287590026855
3200,1056,0.33145556449890134,0.32295942306518555,0.3257629871368408,0.32265424728393555,0.3300926685333252,0.3283576965332031,0.33471226692199707,0.3395700454711914,0.33069753646850586,0.33275294303894043,0.34699583053588867
3300,1091,0.3427313804626465,0.3319387435913086,0.3363494873046875,0.3510556221008301,0.34502291679382324,0.34365272521972656,0.3442356586456299,0.35684800148010254,0.35741162300109863,0.33980607986450195,0.32099294662475586
3400,1122,0.3556280851364136,0.3659627437591553,0.35886073112487793,0.34793615341186523,0.3750724792480469,0.3362751007080078,0.3472473621368408,0.3428201675415039,0.35414958000183105,0.35696959495544434,0.3709869384765625
3500,1158,0.35088458061218264,0.34767842292785645,0.3317866325378418,0.3593306541442871,0.36595964431762695,0.3383185863494873,0.3599414825439453,0.3627603054046631,0.3439929485321045,0.3511674404144287,0.34790968894958496
3600,1191,0.35988240242004393,0.3709406852722168,0.3592550754547119,0.35819435119628906,0.3518524169921875,0.35587382316589355,0.3619675636291504,0.36814403533935547,0.35903263092041016,0.35355162620544434,0.3600118160247803
3700,1226,0.3819061517715454,0.36512207984924316,0.3859219551086426,0.3737759590148926,0.4357178211212158,0.3839609622955322,0.368380069732666,0.3648545742034912,0.37082409858703613,0.4015083312988281,0.36899566650390625
3800,1257,0.40920472145080566,0.4295632839202881,0.4130582809448242,0.3866555690765381,0.46565961837768555,0.38409852981567383,0.42163920402526855,0.4006197452545166,0.39748191833496094,0.3914773464202881,0.4017937183380127
3900,1289,0.4117310047149658,0.39307117462158203,0.391864538192749,0.4261507987976074,0.41468286514282227,0.45813822746276855,0.4482102394104004,0.3991720676422119,0.4010961055755615,0.39672064781188965,0.38820338249206543
4000,1321,0.4211482286453247,0.4107024669647217,0.4342002868652344,0.4539341926574707,0.4927792549133301,0.42832398414611816,0.39342355728149414,0.3959946632385254,0.39692163467407227,0.4052436351776123,0.39995861053466797
4100,1354,0.3992160320281982,0.39997291564941406,0.3989987373352051,0.4024226665496826,0.40508604049682617,0.40200352668762207,0.3890044689178467,0.4017469882965088,0.39800381660461426,0.39896225929260254,0.39595890045166016
4200,1388,0.40987181663513184,0.4069375991821289,0.4109625816345215,0.4175286293029785,0.38870978355407715,0.413027286529541,0.41272950172424316,0.4084813594818115,0.41130900382995605,0.423992395401001,0.40504002571105957
4300,1419,0.4187907695770264,0.4242098331451416,0.4350318908691406,0.4200730323791504,0.41945314407348633,0.39992356300354004,0.4140501022338867,0.41794466972351074,0.4232144355773926,0.4160034656524658,0.41800355911254883
4400,1452,0.4329602003097534,0.4239997863769531,0.43495988845825195,0.4259662628173828,0.423206090927124,0.4325754642486572,0.4368271827697754,0.4371321201324463,0.4411945343017578,0.4446103572845459,0.42913031578063965
4500,1486,0.4443908929824829,0.4499998092651367,0.4479653835296631,0.4459652900695801,0.41900014877319336,0.4578075408935547,0.44211745262145996,0.4402751922607422,0.4400150775909424,0.4568488597869873,0.44391417503356934
4600,1519,0.45019052028656004,0.4519975185394287,0.4559786319732666,0.4559504985809326,0.44756245613098145,0.4539475440979004,0.4363276958465576,0.4453706741333008,0.44600725173950195,0.44976234436035156,0.4590005874633789
4700,1553,0.464949893951416,0.4599583148956299,0.48000001907348633,0.4604604244232178,0.4649648666381836,0.4608118534088135,0.4759500026702881,0.46291184425354004,0.4715120792388916,0.45296549797058105,0.4599640369415283
4800,1588,0.4782851219177246,0.456066370010376,0.4759645462036133,0.491962194442749,0.4851505756378174,0.47789430618286133,0.481112003326416,0.4719665050506592,0.47795653343200684,0.48681163787841797,0.4779665470123291
4900,1620,0.4913651943206787,0.5000622272491455,0.49509239196777344,0.47376346588134766,0.4959676265716553,0.49214935302734375,0.49000000953674316,0.4922678470611572,0.4960012435913086,0.48819732666015625,0.49015045166015625
5000,1651,0.5104485511779785,0.5069851875305176,0.5059635639190674,0.5076072216033936,0.5108067989349365,0.5091812610626221,0.5149991512298584,0.5109059810638428,0.5076453685760498,0.5133395195007324,0.5170514583587646
5100,1685,0.5168199062347412,0.5250201225280762,0.5255458354949951,0.5175831317901611,0.516521692276001,0.5012392997741699,0.5192544460296631,0.5160701274871826,0.5190019607543945,0.5044898986816406,0.5234725475311279
5200,1718,0.5238794565200806,0.5319645404815674,0.5357503890991211,0.513364315032959,0.5211193561553955,0.509047269821167,0.5199971199035645,0.5113406181335449,0.5429956912994385,0.5129697322845459,0.540245532989502
5300,1755,0.5288217782974243,0.5390024185180664,0.5381553173065186,0.5090892314910889,0.5309627056121826,0.5474076271057129,0.5349981784820557,0.5341556072235107,0.5063717365264893,0.5121200084686279,0.5359549522399902
5400,1784,0.5483321666717529,0.552189826965332,0.5470056533813477,0.5394952297210693,0.5561215877532959,0.5542922019958496,0.5570261478424072,0.5392358303070068,0.5430996417999268,0.5546121597290039,0.54024338722229
5500,1817,0.6471757888793945,0.6403648853302002,0.6443696022033691,0.5709645748138428,0.578474760055542,0.5736651420593262,0.589735746383667,0.5688498020172119,0.6856727600097656,0.7060050964355469,0.9136555194854736
5600,1848,0.7684013605117798,0.650061845779419,0.7217328548431396,0.7403440475463867,0.677229642868042,0.7118651866912842,0.653998851776123,0.6673917770385742,1.028341293334961,0.779646635055542,1.0534014701843262
5700,1885,0.6690860748291015,0.6874890327453613,0.6618192195892334,0.6648898124694824,0.6897737979888916,0.6651818752288818,0.676957368850708,0.6810317039489746,0.652855396270752,0.6454150676727295,0.665447473526001
5800,1915,0.6962018251419068,0.656137228012085,0.6808550357818604,0.7309372425079346,0.652228832244873,0.7382411956787109,0.7341902256011963,0.7009730339050293,0.6811211109161377,0.6999835968017578,0.6873507499694824
5900,1946,0.685913872718811,0.6891651153564453,0.7677469253540039,0.6883606910705566,0.652062177658081,0.6688594818115234,0.6916794776916504,0.6887383460998535,0.6634831428527832,0.6936781406402588,0.6553652286529541
6000,1979,0.7585022687911988,0.7169985771179199,0.7470505237579346,0.719698429107666,0.7249863147735596,0.7247638702392578,0.7288131713867188,0.9640185832977295,0.7382564544677734,0.7881953716278076,0.7322413921356201
6100,2013,0.9498685598373413,1.21677565574646,1.1241655349731445,0.9833066463470459,0.9195244312286377,0.946293830871582,0.7940356731414795,1.0980689525604248,0.8421981334686279,0.7848954200744629,0.7894213199615479
6200,2048,0.7635944843292236,0.7253580093383789,0.7688415050506592,0.764415979385376,0.7637035846710205,0.7521448135375977,0.7780511379241943,0.7378313541412354,0.7845306396484375,0.7556347846984863,0.8054330348968506
6300,2081,0.7448812007904053,0.8233251571655273,0.7798423767089844,0.7170164585113525,0.7181296348571777,0.7420432567596436,0.7159984111785889,0.7425122261047363,0.735198974609375,0.7200450897216797,0.7547004222869873
6400,2114,0.7757672071456909,0.7893445491790771,0.7665860652923584,0.7633304595947266,0.8012197017669678,0.7699968814849854,0.7687897682189941,0.7633731365203857,0.8207802772521973,0.755753755569458,0.7584974765777588
6500,2145,0.7789456844329834,0.7549624443054199,0.7549564838409424,0.7529661655426025,0.8046119213104248,0.7451310157775879,0.7571187019348145,0.7678203582763672,0.7810008525848389,0.7839016914367676,0.8869872093200684
6600,2181,0.783360505104065,0.7999897003173828,0.7518961429595947,0.797248125076294,0.7818503379821777,0.8307638168334961,0.7421236038208008,0.7740356922149658,0.788712739944458,0.7995100021362305,0.767474889755249
6700,2213,0.8107144355773925,0.7900540828704834,0.8036127090454102,0.7782962322235107,0.833418607711792,0.8245155811309814,0.7874884605407715,0.8184232711791992,0.7869658470153809,0.8205933570861816,0.8637762069702148
6800,2248,0.7713573694229126,0.7920897006988525,0.7408323287963867,0.8375351428985596,0.8130002021789551,0.7550556659698486,0.7520551681518555,0.7578170299530029,0.7501029968261719,0.7572128772735596,0.7578725814819336
6900,2280,0.7552748203277588,0.751133918762207,0.7255055904388428,0.7880086898803711,0.7354321479797363,0.7640044689178467,0.7399454116821289,0.7698943614959717,0.7664642333984375,0.7676069736480713,0.7447524070739746
7000,2314,0.7700092315673828,0.7690348625183105,0.7730147838592529,0.7698523998260498,0.7770781517028809,0.7473094463348389,0.7566447257995605,0.759967565536499,0.7638485431671143,0.7691061496734619,0.8142356872558594
7100,2348,0.7662524461746216,0.7622826099395752,0.7632701396942139,0.7672901153564453,0.7831308841705322,0.768930196762085,0.7739222049713135,0.7470874786376953,0.7503693103790283,0.7641458511352539,0.7820956707000732
7200,2379,0.7837647438049317,0.7743029594421387,0.7983827590942383,0.75858473777771,0.7698183059692383,0.7807040214538574,0.7521045207977295,0.7735486030578613,0.8114650249481201,0.8227314949035645,0.7960050106048584
7300,2415,0.8162031412124634,0.7939269542694092,0.8049728870391846,0.8034930229187012,0.8200294971466064,0.8418612480163574,0.8301839828491211,0.831932544708252,0.8115053176879883,0.8192365169525146,0.804889440536499
7400,2450,0.8094540357589721,0.8054473400115967,0.7811627388000488,0.7868180274963379,0.8224022388458252,0.810929536819458,0.8218114376068115,0.8060503005981445,0.8022425174713135,0.7967548370361328,0.8609213829040527
7500,2481,0.7941405296325683,0.7961080074310303,0.7895336151123047,0.8101112842559814,0.7690975666046143,0.8109269142150879,0.7856447696685791,0.8311808109283447,0.7828972339630127,0.7925324440002441,0.7733726501464844
7600,2517,0.8051235198974609,0.7989897727966309,0.7863762378692627,0.7786223888397217,0.7900137901306152,0.7998402118682861,0.784005880355835,0.840794563293457,0.8139286041259766,0.8705103397369385,0.7881534099578857
7700,2552,0.8209543228149414,0.825157642364502,0.7754983901977539,0.8256235122680664,0.81817626953125,0.7918562889099121,0.8456058502197266,0.8732342720031738,0.8162543773651123,0.8202111721038818,0.8179254531860352
7800,2583,0.9234650611877442,0.9062294960021973,1.198554515838623,0.9417924880981445,0.9407660961151123,0.885169267654419,0.8845906257629395,0.8857858180999756,0.8653562068939209,0.8847129344940186,0.8416931629180908
7900,2614,1.0568773746490479,0.9543864727020264,0.868168830871582,1.4321198463439941,0.9245519638061523,0.9232625961303711,1.02366304397583,1.0555922985076904,1.260113000869751,1.1461131572723389,0.9808025360107422
8000,2649,0.8470559358596802,0.8791096210479736,0.8102536201477051,0.8410983085632324,0.842886209487915,0.898367166519165,0.851043701171875,0.8552916049957275,0.8319988250732422,0.8480441570281982,0.8124661445617676
8100,2682,0.8434325933456421,0.8119854927062988,0.808967113494873,0.8359441757202148,0.9324851036071777,0.8488280773162842,0.8314764499664307,0.8770425319671631,0.818718671798706,0.8393115997314453,0.8295667171478271
8200,2714,0.8304779767990113,0.8303284645080566,0.8308999538421631,0.8262126445770264,0.8181302547454834,0.8606960773468018,0.8314075469970703,0.8313648700714111,0.8181374073028564,0.8292372226715088,0.8283653259277344
8300,2745,0.8444390058517456,0.8389999866485596,0.8382270336151123,0.8349652290344238,0.8682117462158203,0.8441359996795654,0.866208553314209,0.807135820388794,0.84902024269104,0.846776008605957,0.8507094383239746
8400,2780,0.8426247835159302,0.8462526798248291,0.8302187919616699,0.8341333866119385,0.8213663101196289,0.8533270359039307,0.8348231315612793,0.8464646339416504,0.8625645637512207,0.8471765518188477,0.8499207496643066
8500,2812,0.9013951778411865,0.895998477935791,0.8896737098693848,0.8807237148284912,0.8856909275054932,0.9017682075500488,1.002579927444458,0.8932640552520752,0.8940060138702393,0.8815195560455322,0.8887271881103516
8600,2844,0.8961692810058594,0.91387939453125,0.856123685836792,0.884965181350708,0.9431912899017334,0.8861367702484131,0.8864119052886963,0.911933422088623,0.8629610538482666,0.9229967594146729,0.8930933475494385
8700,2880,0.8896515846252442,0.8754012584686279,0.8859195709228516,0.8730418682098389,0.8791403770446777,0.8989644050598145,0.9120182991027832,0.8912372589111328,0.8975465297698975,0.8912873268127441,0.8919589519500732
8800,2913,1.0132335424423218,0.9746966361999512,1.018862009048462,1.047790765762329,0.9867234230041504,1.2044026851654053,0.9608058929443359,0.9708981513977051,1.0140771865844727,0.9950971603393555,0.9589815139770508
8900,2945,0.9393372774124146,0.9102637767791748,0.9063363075256348,0.9753215312957764,0.9218006134033203,0.9686586856842041,0.9534497261047363,0.9216389656066895,0.922802209854126,0.9717998504638672,0.9413011074066162
9000,2977,0.9546707153320313,0.9697709083557129,0.9643151760101318,0.984931230545044,0.9613487720489502,0.9256551265716553,0.9619367122650146,0.9740259647369385,0.9510002136230469,0.9460799694061279,0.9076430797576904
9100,3009,0.961448335647583,0.9259970188140869,0.9721183776855469,0.9284512996673584,0.9689998626708984,1.0262649059295654,0.9408204555511475,0.9735784530639648,0.9440345764160156,0.967848539352417,0.9663698673248291
9200,3038,1.0405450105667113,1.00797438621521,1.0790674686431885,1.0436832904815674,1.1421842575073242,1.099839210510254,1.0355360507965088,1.0307495594024658,1.022599697113037,0.9676816463470459,0.9761345386505127
9300,3072,1.0163665533065795,0.9954791069030762,1.0529818534851074,1.041029453277588,1.0122857093811035,1.008958101272583,1.0349907875061035,0.9810407161712646,1.0083041191101074,1.0145933628082275,1.0140023231506348
9400,3105,1.0110899209976196,1.0240528583526611,0.9915366172790527,1.0168428421020508,0.9726624488830566,1.0419495105743408,1.0076024532318115,1.0759727954864502,1.0075592994689941,0.9855148792266846,0.9872055053710938
9500,3141,1.0427096366882325,1.041358232498169,1.0375237464904785,1.0513253211975098,1.0420031547546387,1.0322704315185547,1.0373108386993408,1.047999620437622,1.0581557750701904,1.0498981475830078,1.0292510986328125
9600,3173,1.030476713180542,1.0610215663909912,1.0562541484832764,0.9962565898895264,0.9766900539398193,1.0155270099639893,1.026808738708496,1.108046054840088,1.0158274173736572,1.0332329273223877,1.0151026248931885
9700,3208,1.0153967618942261,0.977144718170166,1.0075478553771973,1.0203213691711426,1.0340900421142578,1.039994478225708,1.029000997543335,1.019289493560791,1.0392072200775146,1.0161919593811035,0.9711794853210449
9800,3242,1.049610447883606,1.0555851459503174,1.0564682483673096,1.025465965270996,1.0429894924163818,1.0399532318115234,1.0420265197753906,1.0893018245697021,1.0414278507232666,1.0410330295562744,1.0618531703948975
9900,3275,1.0685943126678468,1.0837466716766357,1.0704455375671387,1.0521626472473145,1.0575623512268066,1.0783369541168213,1.0578782558441162,1.0743088722229004,1.0823967456817627,1.0828142166137695,1.0462908744812012
10000,3308,1.091610884666443,1.0661683082580566,1.1233346462249756,1.0581450462341309,1.1084015369415283,1.0846264362335205,1.1185638904571533,1.1023032665252686,1.074481725692749,1.0806095600128174,1.0994744300842285
